Label,ICD_TYPE,ICD_TYPE_CLEAN,Mapping_Conversion,ICD_CODE,CODE_Reference,ICD Definition,Group,CCSR Category,Exclude
GastroEmerg,ICD-10-CM,ICD10CM,537.2; 537.3 ,K31.5,K315,Obstruction of duodenum,Intestinal obstruction and ileus,DIG012,
GastroEmerg,ICD-10-CM,ICD10CM,550.12,K40.00,K4000,Bilateral inguinal hernia,,,
GastroEmerg,ICD-10-CM,ICD10CM,550.13,K40.01,K4001,Bilateral inguinal hernia,,,
GastroEmerg,ICD-10-CM,ICD10CM,550.1,K40.30,K4030,Unilateral inguinal hernia,,,
GastroEmerg,ICD-10-CM,ICD10CM,550.11,K40.31,K4031,Unilateral inguinal hernia,,,
GastroEmerg,ICD-10-CM,ICD10CM,552.02,K41.00,K4100,Bilateral femoral hernia,,,
GastroEmerg,ICD-10-CM,ICD10CM,552.03,K41.01,K4101,Bilateral femoral hernia,,,
GastroEmerg,ICD-10-CM,ICD10CM,552,K41.30,K4130,Unilateral femoral hernia,,,
GastroEmerg,ICD-10-CM,ICD10CM,552.01,K41.31,K4131,Unilateral femoral hernia,,,
GastroEmerg,ICD-10-CM,ICD10CM,552.1,K42.0,K420,Umbilical hernia with obstruction,,,
GastroEmerg,ICD-10-CM,ICD10CM,552.21,K43.0,K430,Incisional hernia with obstruction,,,
GastroEmerg,ICD-10-CM,ICD10CM,552.29,K43.3,K433,Parastomal hernia with obstruction,,,
GastroEmerg,ICD-10-CM,ICD10CM,552.2,K43.6,K436,Other and unspecified ventral hernia with obstruction,,,
GastroEmerg,ICD-10-CM,ICD10CM,552.3,K44.0,K440,Diaphragmatic hernia with obstruction,,,
GastroEmerg,ICD-10-CM,ICD10CM,552.8,K45.0,K450,Other specified abdominal hernia with obstruction,,,
GastroEmerg,ICD-10-CM,ICD10CM,552.9,K46.0,K460,Unspecified abdominal hernia with obstruction,,,
GastroEmerg,ICD-10-CM,ICD10CM,555.0 + 560.9,K50.012,K50012,Crohns disease of small intestine with intestinal obstruction,Intestinal obstruction and ileus,DIG012,
GastroEmerg,ICD-10-CM,ICD10CM,555.1 + 560.9,K50.112,K50112,Crohns disease of large intestine with intestinal obstruction,Intestinal obstruction and ileus,DIG012,
GastroEmerg,ICD-10-CM,ICD10CM,555.2 + 560.9,K50.812,K50812,Crohns disease of both small and large intestine with intestinal obstruction,Intestinal obstruction and ileus,DIG012,
GastroEmerg,ICD-10-CM,ICD10CM,555.9 + 560.9,K50.912,K50912,Crohns disease,,,
GastroEmerg,ICD-10-CM,ICD10CM,556.6 + 560.89,K51.012,K51012,Ulcerative (chronic) pancolitis with intestinal obstruction,Intestinal obstruction and ileus,DIG012,
GastroEmerg,ICD-10-CM,ICD10CM,556.2 + 560.89,K51.212,K51212,Ulcerative (chronic) proctitis with intestinal obstruction,Intestinal obstruction and ileus,DIG012,
GastroEmerg,ICD-10-CM,ICD10CM,556.3 + 560.89,K51.312,K51312,Ulcerative (chronic) rectosigmoiditis with intestinal obstruction,Intestinal obstruction and ileus,DIG012,
GastroEmerg,ICD-10-CM,ICD10CM,556.4 + 560.89,K51.412,K51412,Inflammatory polyps of colon with intestinal obstruction,Intestinal obstruction and ileus,DIG012,
GastroEmerg,ICD-10-CM,ICD10CM,556.5 + 560.89,K51.512,K51512,Left sided colitis with intestinal obstruction,Intestinal obstruction and ileus,DIG012,
GastroEmerg,ICD-10-CM,ICD10CM,556.8 + 560.89,K51.812,K51812,Other ulcerative colitis with intestinal obstruction,Intestinal obstruction and ileus,DIG012,
GastroEmerg,ICD-10-CM,ICD10CM,556.9 + 560.89,K51.912,K51912,Ulcerative colitis,,,
GastroEmerg,ICD-10-CM,ICD10CM,560.1,K56.0,K560,Paralytic ileus,Intestinal obstruction and ileus,DIG012,
GastroEmerg,ICD-10-CM,ICD10CM,560,K56.1,K561,Intussusception,Intestinal obstruction and ileus,DIG012,
GastroEmerg,ICD-10-CM,ICD10CM,560.2,K56.2,K562,Volvulus,Intestinal obstruction and ileus,DIG012,
GastroEmerg,ICD-10-CM,ICD10CM,560.31,K56.3,K563,Gallstone ileus,Intestinal obstruction and ileus,DIG012,
GastroEmerg,ICD-10-CM,ICD10CM,560.32,K56.41,K5641,Fecal impaction,Intestinal obstruction and ileus,DIG012,
GastroEmerg,ICD-10-CM,ICD10CM,560.30; 560.39,K56.49,K5649,Other impaction of intestine,Intestinal obstruction and ileus,DIG012,
GastroEmerg,ICD-10-CM,ICD10CM,560.81,K56.5,K565,Intestinal adhesions [bands] with obstruction (postprocedural) (postinfection),Intestinal obstruction and ileus,DIG012,
GastroEmerg,ICD-10-CM,ICD10CM,560.81,K56.50,K5650,Intestinal adhesions [bands],,,
GastroEmerg,ICD-10-CM,ICD10CM,560.81,K56.51,K5651,Intestinal adhesions [bands],,,
GastroEmerg,ICD-10-CM,ICD10CM,560.81,K56.52,K5652,Intestinal adhesions [bands] with complete obstruction,Intestinal obstruction and ileus,DIG012,
GastroEmerg,ICD-10-CM,ICD10CM,560.9,K56.60,K5660,Unspecified intestinal obstruction,Intestinal obstruction and ileus,DIG012,
GastroEmerg,ICD-10-CM,ICD10CM,560.91,K56.600,K56600,Partial intestinal obstruction,,,
GastroEmerg,ICD-10-CM,ICD10CM,560.92,K56.601,K56601,Complete intestinal obstruction,,,
GastroEmerg,ICD-10-CM,ICD10CM,560.93,K56.609,K56609,Unspecified intestinal obstruction,,,
GastroEmerg,ICD-10-CM,ICD10CM,560.89,K56.69,K5669,Other intestinal obstruction,Intestinal obstruction and ileus,DIG012,
GastroEmerg,ICD-10-CM,ICD10CM,560.89,K56.690,K56690,Other partial intestinal obstruction,Intestinal obstruction and ileus,DIG012,
GastroEmerg,ICD-10-CM,ICD10CM,560.89,K56.691,K56691,Other complete intestinal obstruction,Intestinal obstruction and ileus,DIG012,
GastroEmerg,ICD-10-CM,ICD10CM,560.89,K56.699,K56699,Other intestinal obstruction unspecified as to partial versus complete obstruction,Intestinal obstruction and ileus,DIG012,
GastroEmerg,ICD-10-CM,ICD10CM,560.1,K56.7,K567,Ileus,,,
GastroEmerg,ICD-10-CM,ICD10CM,997.49,K91.3,K913,Postprocedural intestinal obstruction,Intestinal obstruction and ileus,DIG012,
GastroEmerg,ICD-10-CM,ICD10CM,997.49,K91.30,K9130,Postprocedural intestinal obstruction,,,
GastroEmerg,ICD-10-CM,ICD10CM,997.49,K91.31,K9131,Postprocedural partial intestinal obstruction,Intestinal obstruction and ileus,DIG012,
GastroEmerg,ICD-10-CM,ICD10CM,997.49,K91.32,K9132,Postprocedural complete intestinal obstruction,Intestinal obstruction and ileus,DIG012,
GastroEmerg,ICD-10-CM,ICD10CM,577.0 + 078.5,B25.2,B252,Cytomegaloviral pancreatitis,Pancreatic disorders (excluding diabetes),DIG020,
GastroEmerg,ICD-10-CM,ICD10CM,72.3,B26.3,B263,Mumps pancreatitis,Pancreatic disorders (excluding diabetes),DIG020,
GastroEmerg,ICD-10-CM,ICD10CM,577,K85.0,K850,Idiopathic acute pancreatitis,Pancreatic disorders (excluding diabetes),DIG020,
GastroEmerg,ICD-10-CM,ICD10CM,577,K85.00,K8500,Idiopathic acute pancreatitis without necrosis or infection,Pancreatic disorders (excluding diabetes),DIG020,
GastroEmerg,ICD-10-CM,ICD10CM,577,K85.01,K8501,Idiopathic acute pancreatitis with uninfected necrosis,Pancreatic disorders (excluding diabetes),DIG020,
GastroEmerg,ICD-10-CM,ICD10CM,577,K85.02,K8502,Idiopathic acute pancreatitis with infected necrosis,Pancreatic disorders (excluding diabetes),DIG020,
GastroEmerg,ICD-10-CM,ICD10CM,577,K85.1,K851,Biliary acute pancreatitis,Pancreatic disorders (excluding diabetes),DIG020,
GastroEmerg,ICD-10-CM,ICD10CM,577,K85.10,K8510,Biliary acute pancreatitis without necrosis or infection,Pancreatic disorders (excluding diabetes),DIG020,
GastroEmerg,ICD-10-CM,ICD10CM,577,K85.11,K8511,Biliary acute pancreatitis with uninfected necrosis,Pancreatic disorders (excluding diabetes),DIG020,
GastroEmerg,ICD-10-CM,ICD10CM,577,K85.12,K8512,Biliary acute pancreatitis with infected necrosis,Pancreatic disorders (excluding diabetes),DIG020,
GastroEmerg,ICD-10-CM,ICD10CM,577,K85.2,K852,Alcohol induced acute pancreatitis,Pancreatic disorders (excluding diabetes),DIG020,
GastroEmerg,ICD-10-CM,ICD10CM,577,K85.20,K8520,Alcohol induced acute pancreatitis without necrosis or infection,Pancreatic disorders (excluding diabetes),DIG020,
GastroEmerg,ICD-10-CM,ICD10CM,577,K85.21,K8521,Alcohol induced acute pancreatitis with uninfected necrosis,Pancreatic disorders (excluding diabetes),DIG020,
GastroEmerg,ICD-10-CM,ICD10CM,577,K85.22,K8522,Alcohol induced acute pancreatitis with infected necrosis,Pancreatic disorders (excluding diabetes),DIG020,
GastroEmerg,ICD-10-CM,ICD10CM,577,K85.3,K853,Drug induced acute pancreatitis,Pancreatic disorders (excluding diabetes),DIG020,
GastroEmerg,ICD-10-CM,ICD10CM,577,K85.30,K8530,Drug induced acute pancreatitis without necrosis or infection,Pancreatic disorders (excluding diabetes),DIG020,
GastroEmerg,ICD-10-CM,ICD10CM,577,K85.31,K8531,Drug induced acute pancreatitis with uninfected necrosis,Pancreatic disorders (excluding diabetes),DIG020,
GastroEmerg,ICD-10-CM,ICD10CM,577,K85.32,K8532,Drug induced acute pancreatitis with infected necrosis,Pancreatic disorders (excluding diabetes),DIG020,
GastroEmerg,ICD-10-CM,ICD10CM,577,K85.8,K858,Other acute pancreatitis,Pancreatic disorders (excluding diabetes),DIG020,
GastroEmerg,ICD-10-CM,ICD10CM,577,K85.80,K8580,Other acute pancreatitis without necrosis or infection,Pancreatic disorders (excluding diabetes),DIG020,
GastroEmerg,ICD-10-CM,ICD10CM,577,K85.81,K8581,Other acute pancreatitis with uninfected necrosis,Pancreatic disorders (excluding diabetes),DIG020,
GastroEmerg,ICD-10-CM,ICD10CM,577,K85.82,K8582,Other acute pancreatitis with infected necrosis,Pancreatic disorders (excluding diabetes),DIG020,
GastroEmerg,ICD-10-CM,ICD10CM,577,K85.9,K859,Acute pancreatitis,,,
GastroEmerg,ICD-10-CM,ICD10CM,577,K85.90,K8590,Acute pancreatitis without necrosis or infection,,,
GastroEmerg,ICD-10-CM,ICD10CM,577,K85.91,K8591,Acute pancreatitis with uninfected necrosis,,,
GastroEmerg,ICD-10-CM,ICD10CM,577,K85.92,K8592,Acute pancreatitis with infected necrosis,,,
GastroEmerg,ICD-10-CM,ICD10CM,577.1,K86.0,K860,Alcohol-induced chronic pancreatitis,Pancreatic disorders (excluding diabetes),DIG020,
GastroEmerg,ICD-10-CM,ICD10CM,577.1; 577.8,K86.1,K861,Other chronic pancreatitis,Pancreatic disorders (excluding diabetes),DIG020,
GastroEmerg,ICD-10-CM,ICD10CM,456,I85.01,I8501,Esophageal varices with bleeding,Gastrointestinal hemorrhage,DIG021,
GastroEmerg,ICD-10-CM,ICD10CM,456.2,I85.11,I8511,Secondary esophageal varices with bleeding,Gastrointestinal hemorrhage,DIG021,
GastroEmerg,ICD-10-CM,ICD10CM,None,K20.81,K2081,Other esophagitis with bleeding,Gastrointestinal hemorrhage,DIG021,
GastroEmerg,ICD-10-CM,ICD10CM,None,K20.91,K2091,Esophagitis,,,
GastroEmerg,ICD-10-CM,ICD10CM,None,K21.01,K2101,Gastro-esophageal reflux disease with esophagitis,,,
GastroEmerg,ICD-10-CM,ICD10CM,530.21,K22.11,K2211,Ulcer of esophagus with bleeding,Gastrointestinal hemorrhage,DIG021,
GastroEmerg,ICD-10-CM,ICD10CM,530.7,K22.6,K226,Gastro-esophageal laceration-hemorrhage syndrome,Gastrointestinal hemorrhage,DIG021,
GastroEmerg,ICD-10-CM,ICD10CM,531,K25.0,K250,Acute gastric ulcer with hemorrhage,Gastrointestinal hemorrhage,DIG021,
GastroEmerg,ICD-10-CM,ICD10CM,531.2,K25.2,K252,Acute gastric ulcer with both hemorrhage and perforation,Gastrointestinal hemorrhage,DIG021,
GastroEmerg,ICD-10-CM,ICD10CM,531.4,K25.4,K254,Chronic or unspecified gastric ulcer with hemorrhage,Gastrointestinal hemorrhage,DIG021,
GastroEmerg,ICD-10-CM,ICD10CM,531.6,K25.6,K256,Chronic or unspecified gastric ulcer with both hemorrhage and perforation,Gastrointestinal hemorrhage,DIG021,
GastroEmerg,ICD-10-CM,ICD10CM,532,K26.0,K260,Acute duodenal ulcer with hemorrhage,Gastrointestinal hemorrhage,DIG021,
GastroEmerg,ICD-10-CM,ICD10CM,532.2,K26.2,K262,Acute duodenal ulcer with both hemorrhage and perforation,Gastrointestinal hemorrhage,DIG021,
GastroEmerg,ICD-10-CM,ICD10CM,532.4,K26.4,K264,Chronic or unspecified duodenal ulcer with hemorrhage,Gastrointestinal hemorrhage,DIG021,
GastroEmerg,ICD-10-CM,ICD10CM,532.6,K26.6,K266,Chronic or unspecified duodenal ulcer with both hemorrhage and perforation,Gastrointestinal hemorrhage,DIG021,
GastroEmerg,ICD-10-CM,ICD10CM,533,K27.0,K270,Acute peptic ulcer,,,
GastroEmerg,ICD-10-CM,ICD10CM,533.2,K27.2,K272,Acute peptic ulcer,,,
GastroEmerg,ICD-10-CM,ICD10CM,533.4,K27.4,K274,Chronic or unspecified peptic ulcer,,,
GastroEmerg,ICD-10-CM,ICD10CM,533.6,K27.6,K276,Chronic or unspecified peptic ulcer,,,
GastroEmerg,ICD-10-CM,ICD10CM,534,K28.0,K280,Acute gastrojejunal ulcer with hemorrhage,Gastrointestinal hemorrhage,DIG021,
GastroEmerg,ICD-10-CM,ICD10CM,534.2,K28.2,K282,Acute gastrojejunal ulcer with both hemorrhage and perforation,Gastrointestinal hemorrhage,DIG021,
GastroEmerg,ICD-10-CM,ICD10CM,534.4,K28.4,K284,Chronic or unspecified gastrojejunal ulcer with hemorrhage,Gastrointestinal hemorrhage,DIG021,
GastroEmerg,ICD-10-CM,ICD10CM,534.6,K28.6,K286,Chronic or unspecified gastrojejunal ulcer with both hemorrhage and perforation,Gastrointestinal hemorrhage,DIG021,
GastroEmerg,ICD-10-CM,ICD10CM,535.01,K29.01,K2901,Acute gastritis with bleeding,Gastrointestinal hemorrhage,DIG021,
GastroEmerg,ICD-10-CM,ICD10CM,535.31,K29.21,K2921,Alcoholic gastritis with bleeding,Gastrointestinal hemorrhage,DIG021,
GastroEmerg,ICD-10-CM,ICD10CM,535.41,K29.31,K2931,Chronic superficial gastritis with bleeding,Gastrointestinal hemorrhage,DIG021,
GastroEmerg,ICD-10-CM,ICD10CM,535.11,K29.41,K2941,Chronic atrophic gastritis with bleeding,Gastrointestinal hemorrhage,DIG021,
GastroEmerg,ICD-10-CM,ICD10CM,535.11,K29.51,K2951,Unspecified chronic gastritis with bleeding,Gastrointestinal hemorrhage,DIG021,
GastroEmerg,ICD-10-CM,ICD10CM,535.21,K29.61,K2961,Other gastritis with bleeding,Gastrointestinal hemorrhage,DIG021,
GastroEmerg,ICD-10-CM,ICD10CM,535.51,K29.71,K2971,Gastritis,,,
GastroEmerg,ICD-10-CM,ICD10CM,353.61,K29.81,K2981,Duodenitis with bleeding,Gastrointestinal hemorrhage,DIG021,
GastroEmerg,ICD-10-CM,ICD10CM,535.51,K29.91,K2991,Gastroduodenitis,,,
GastroEmerg,ICD-10-CM,ICD10CM,537.83,K31.811,K31811,Angiodysplasia of stomach and duodenum with bleeding,Gastrointestinal hemorrhage,DIG021,
GastroEmerg,ICD-10-CM,ICD10CM,537.84,K31.82,K3182,Dieulafoy lesion (hemorrhagic) of stomach and duodenum,Gastrointestinal hemorrhage,DIG021,
GastroEmerg,ICD-10-CM,ICD10CM,555,K50.011,K50011,Crohns disease of small intestine with rectal bleeding,Gastrointestinal hemorrhage,DIG021,
GastroEmerg,ICD-10-CM,ICD10CM,555.1,K50.111,K50111,Crohns disease of large intestine with rectal bleeding,Gastrointestinal hemorrhage,DIG021,
GastroEmerg,ICD-10-CM,ICD10CM,555.2,K50.811,K50811,Crohns disease of both small and large intestine with rectal bleeding,Gastrointestinal hemorrhage,DIG021,
GastroEmerg,ICD-10-CM,ICD10CM,555.9,K50.911,K50911,Crohns disease,,,
GastroEmerg,ICD-10-CM,ICD10CM,556.6,K51.011,K51011,Ulcerative (chronic) pancolitis with rectal bleeding,Gastrointestinal hemorrhage,DIG021,
GastroEmerg,ICD-10-CM,ICD10CM,556.2,K51.211,K51211,Ulcerative (chronic) proctitis with rectal bleeding,Gastrointestinal hemorrhage,DIG021,
GastroEmerg,ICD-10-CM,ICD10CM,556.3,K51.311,K51311,Ulcerative (chronic) rectosigmoiditis with rectal bleeding,Gastrointestinal hemorrhage,DIG021,
GastroEmerg,ICD-10-CM,ICD10CM,556.4,K51.411,K51411,Inflammatory polyps of colon with rectal bleeding,Gastrointestinal hemorrhage,DIG021,
GastroEmerg,ICD-10-CM,ICD10CM,556.5,K51.511,K51511,Left sided colitis with rectal bleeding,Gastrointestinal hemorrhage,DIG021,
GastroEmerg,ICD-10-CM,ICD10CM,556.8,K51.811,K51811,Other ulcerative colitis with rectal bleeding,Gastrointestinal hemorrhage,DIG021,
GastroEmerg,ICD-10-CM,ICD10CM,556.9,K51.911,K51911,Ulcerative colitis,,,
GastroEmerg,ICD-10-CM,ICD10CM,569.85,K55.21,K5521,Angiodysplasia of colon with hemorrhage,Gastrointestinal hemorrhage,DIG021,
GastroEmerg,ICD-10-CM,ICD10CM,562.03 + 569.5,K57.01,K5701,Diverticulitis of small intestine with perforation and abscess with bleeding,Gastrointestinal hemorrhage,DIG021,
GastroEmerg,ICD-10-CM,ICD10CM,562.03,K57.11,K5711,Diverticulosis of small intestine without perforation or abscess with bleeding,Gastrointestinal hemorrhage,DIG021,
GastroEmerg,ICD-10-CM,ICD10CM,562.02,K57.13,K5713,Diverticulitis of small intestine without perforation or abscess with bleeding,Gastrointestinal hemorrhage,DIG021,
GastroEmerg,ICD-10-CM,ICD10CM,562.13 + 569.5,K57.21,K5721,Diverticulitis of large intestine with perforation and abscess with bleeding,Gastrointestinal hemorrhage,DIG021,
GastroEmerg,ICD-10-CM,ICD10CM,562.12,K57.31,K5731,Diverticulosis of large intestine without perforation or abscess with bleeding,Gastrointestinal hemorrhage,DIG021,
GastroEmerg,ICD-10-CM,ICD10CM,562.13,K57.33,K5733,Diverticulitis of large intestine without perforation or abscess with bleeding,Gastrointestinal hemorrhage,DIG021,
GastroEmerg,ICD-10-CM,ICD10CM,562.03 + 569.5 + 562.13,K57.41,K5741,Diverticulitis of both small and large intestine with perforation and abscess with bleeding,Gastrointestinal hemorrhage,DIG021,
GastroEmerg,ICD-10-CM,ICD10CM,562.02 +562.12,K57.51,K5751,Diverticulosis of both small and large intestine without perforation or abscess with bleeding,Gastrointestinal hemorrhage,DIG021,
GastroEmerg,ICD-10-CM,ICD10CM,562.03 + 562.13,K57.53,K5753,Diverticulitis of both small and large intestine without perforation or abscess with bleeding,Gastrointestinal hemorrhage,DIG021,
GastroEmerg,ICD-10-CM,ICD10CM,562.13 + 569.5,K57.81,K5781,Diverticulitis of intestine,,,
GastroEmerg,ICD-10-CM,ICD10CM,562.12,K57.91,K5791,Diverticulosis of intestine,,,
GastroEmerg,ICD-10-CM,ICD10CM,562.13,K57.93,K5793,Diverticulitis of intestine,,,
GastroEmerg,ICD-10-CM,ICD10CM,569.3,K62.5,K625,Hemorrhage of anus and rectum,Gastrointestinal hemorrhage,DIG021,
GastroEmerg,ICD-10-CM,ICD10CM,578,K92.0,K920,Hematemesis,Gastrointestinal hemorrhage,DIG021,
GastroEmerg,ICD-10-CM,ICD10CM,578.1,K92.1,K921,Melena,Gastrointestinal hemorrhage,DIG021,
GastroEmerg,ICD-10-CM,ICD10CM,578.9,K92.2,K922,Gastrointestinal hemorrhage,,,
GastroEmerg,ICD-9-CM,ICD9CM,K56.0; K56.7,560.1,'5601 ',Paralytic ileus,Intestinal obstruction without hernia [145.],145,
GastroEmerg,ICD-9-CM,ICD9CM,K56.49,560.3,'56030',Impaction of intestine,,,
GastroEmerg,ICD-9-CM,ICD9CM,K56.41,560.32,'56032',Fecal impaction,Intestinal obstruction without hernia [145.],145,
GastroEmerg,ICD-9-CM,ICD9CM,K56.49,560.39,'56039',Other impaction of intestine,Intestinal obstruction without hernia [145.],145,
GastroEmerg,ICD-9-CM,ICD9CM,K56.50; K56.51; K56.52,560.81,'56081',Intestinal or peritoneal adhesions with obstruction (postoperative) (postinfection),Intestinal obstruction without hernia [145.],145,
GastroEmerg,ICD-9-CM,ICD9CM,K56.1,560,'5600 ',Intussusception,Intestinal obstruction without hernia [145.],145,
GastroEmerg,ICD-9-CM,ICD9CM,K56.2,560.2,'5602 ',Volvulus,Intestinal obstruction without hernia [145.],145,
GastroEmerg,ICD-9-CM,ICD9CM,K56.3,560.31,'56031',Gallstone ileus,Intestinal obstruction without hernia [145.],145,
GastroEmerg,ICD-9-CM,ICD9CM,K56.690; K56.691; K56.699,560.89,'56089',Other specified intestinal obstruction,Intestinal obstruction without hernia [145.],145,
GastroEmerg,ICD-9-CM,ICD9CM,K56.600,,,,,,
GastroEmerg,ICD-9-CM,ICD9CM,K31.5,537.2,'5372 ',Chronic duodenal ileus,Other disorders of stomach and duodenum [141.],141,
GastroEmerg,ICD-9-CM,ICD9CM,K31.5,537.3,'5373 ',Other obstruction of duodenum,Other disorders of stomach and duodenum [141.],141,
GastroEmerg,ICD-9-CM,ICD9CM,K40.00,550.12,'55012',Inguinal hernia,,,
GastroEmerg,ICD-9-CM,ICD9CM,K40.01,550.13,'55013',Inguinal hernia,,,
GastroEmerg,ICD-9-CM,ICD9CM,K40.30,550.1,'55010',Inguinal hernia,,,
GastroEmerg,ICD-9-CM,ICD9CM,K40.31,550.11,'55011',Inguinal hernia with obstruction,,,
GastroEmerg,ICD-9-CM,ICD9CM,K41.00,552.02,'55202',Femoral hernia with obstruction,,,
GastroEmerg,ICD-9-CM,ICD9CM,K41.01,552.03,'55203',Femoral hernia with obstruction,,,
GastroEmerg,ICD-9-CM,ICD9CM,K41.30,552,'55200',Femoral hernia with obstruction,,,
GastroEmerg,ICD-9-CM,ICD9CM,K41.31,552.01,'55201',Femoral hernia with obstruction,,,
GastroEmerg,ICD-9-CM,ICD9CM,K42.0,552.1,'5521 ',Umbilical hernia with obstruction,Abdominal hernia [143.],143,
GastroEmerg,ICD-9-CM,ICD9CM,K43.0,552.21,'55221',Incisional ventral hernia with obstruction,Abdominal hernia [143.],143,
GastroEmerg,ICD-9-CM,ICD9CM,K43.3,552.29,'55229',Other ventral hernia with obstruction,Abdominal hernia [143.],143,
GastroEmerg,ICD-9-CM,ICD9CM,K43.6,552.2,'55220',Ventral,,,
GastroEmerg,ICD-9-CM,ICD9CM,K44.0,552.3,'5523 ',Diaphragmatic hernia with obstruction,Abdominal hernia [143.],143,
GastroEmerg,ICD-9-CM,ICD9CM,K45.0,552.8,'5528 ',Hernia of other specified sites,,,
GastroEmerg,ICD-9-CM,ICD9CM,K46.0,552.9,'5529 ',Hernia of unspecified site,,,
GastroEmerg,ICD-9-CM,ICD9CM,K91.3; K91.30; K91.31; K91.32,997.49,'99749',Other digestive system complications,Complications of surgical procedures or medical care [238.],238,
GastroEmerg,ICD-9-CM,ICD9CM,K85.90; K85.91; K85.92,577,'5770 ',Acute pancreatitis,Pancreatic disorders (not diabetes) [152.],152,
GastroEmerg,ICD-9-CM,ICD9CM,K86.1,577.1,'5771 ',Chronic pancreatitis,Pancreatic disorders (not diabetes) [152.],152,
GastroEmerg,ICD-9-CM,ICD9CM,B26.3,72.3,'0723 ',Mumps pancreatitis,Other viral infections [7.],7,
GastroEmerg,ICD-9-CM,ICD9CM,K25.0,531,'53100',Acute gastric ulcer with hemorrhage,,,
GastroEmerg,ICD-9-CM,ICD9CM,K25.0 + K56.699,531.01,'53101',Acute gastric ulcer with hemorrhage,,,
GastroEmerg,ICD-9-CM,ICD9CM,K25.2,531.2,'53120',Acute gastric ulcer with hemorrhage and perforation,,,
GastroEmerg,ICD-9-CM,ICD9CM,K25.2 + K56.699,531.21,'53121',Acute gastric ulcer with hemorrhage and perforation,,,
GastroEmerg,ICD-9-CM,ICD9CM,K25.4,531.4,'53140',Chronic or unspecified gastric ulcer with hemorrhage,,,
GastroEmerg,ICD-9-CM,ICD9CM,K25.4 + K56.699,531.41,'53141',Chronic or unspecified gastric ulcer with hemorrhage,,,
GastroEmerg,ICD-9-CM,ICD9CM,K25.6,531.6,'53160',Chronic or unspecified gastric ulcer with hemorrhage and perforation,,,
GastroEmerg,ICD-9-CM,ICD9CM,K25.6 + K56.699,531.61,'53161',Chronic or unspecified gastric ulcer with hemorrhage and perforation,,,
GastroEmerg,ICD-9-CM,ICD9CM,K26.0,532,'53200',Acute duodenal ulcer with hemorrhage,,,
GastroEmerg,ICD-9-CM,ICD9CM,K26.0 + K56.699,532.01,'53201',Acute duodenal ulcer with hemorrhage,,,
GastroEmerg,ICD-9-CM,ICD9CM,K26.2,532.2,'53220',Acute duodenal ulcer with hemorrhage and perforation,,,
GastroEmerg,ICD-9-CM,ICD9CM,K26.2 + K56.699,532.21,'53221',Acute duodenal ulcer with hemorrhage and perforation,,,
GastroEmerg,ICD-9-CM,ICD9CM,K26.4,532.4,'53240',Chronic or unspecified duodenal ulcer with hemorrhage,,,
GastroEmerg,ICD-9-CM,ICD9CM,K26.4 + K56.699,532.41,'53241',Chronic or unspecified duodenal ulcer with hemorrhage,,,
GastroEmerg,ICD-9-CM,ICD9CM,K26.6,532.6,'53260',Chronic or unspecified duodenal ulcer with hemorrhage and perforation,,,
GastroEmerg,ICD-9-CM,ICD9CM,K26.6 + K56.699,532.61,'53261',Chronic or unspecified duodenal ulcer with hemorrhage and perforation,,,
GastroEmerg,ICD-9-CM,ICD9CM,K27.0,533,'53300',Acute peptic ulcer of unspecified site with hemorrhage,,,
GastroEmerg,ICD-9-CM,ICD9CM,K27.0 + K56.699,533.01,'53301',Acute peptic ulcer of unspecified site with hemorrhage,,,
GastroEmerg,ICD-9-CM,ICD9CM,K27.2,533.2,'53320',Acute peptic ulcer of unspecified site with hemorrhage and perforation,,,
GastroEmerg,ICD-9-CM,ICD9CM,K27.2 + K56.699,533.21,'53321',Acute peptic ulcer of unspecified site with hemorrhage and perforation,,,
GastroEmerg,ICD-9-CM,ICD9CM,K27.4,533.4,'53340',Chronic or unspecified peptic ulcer of unspecified site with hemorrhage,,,
GastroEmerg,ICD-9-CM,ICD9CM,K27.4 + K56.699,533.41,'53341',Chronic or unspecified peptic ulcer of unspecified site with hemorrhage,,,
GastroEmerg,ICD-9-CM,ICD9CM,K27.6,533.6,'53360',Chronic or unspecified peptic ulcer of unspecified site with hemorrhage and perforation,,,
GastroEmerg,ICD-9-CM,ICD9CM,K27.6 + K56.699,533.61,'53361',Chronic or unspecified peptic ulcer of unspecified site with hemorrhage and perforation,,,
GastroEmerg,ICD-9-CM,ICD9CM,K28.0,534,'53400',Acute gastrojejunal ulcer with hemorrhage,,,
GastroEmerg,ICD-9-CM,ICD9CM,K28.0 + K56.699,534.01,'53401',Acute gastrojejunal ulcer with hemorrhage,,,
GastroEmerg,ICD-9-CM,ICD9CM,K28.2,534.2,'53420',Acute gastrojejunal ulcer with hemorrhage and perforation,,,
GastroEmerg,ICD-9-CM,ICD9CM,K28.2 + K56.699,534.21,'53421',Acute gastrojejunal ulcer with hemorrhage and perforation,,,
GastroEmerg,ICD-9-CM,ICD9CM,K28.4,534.4,'53440',Chronic or unspecified gastrojejunal ulcer with hemorrhage,,,
GastroEmerg,ICD-9-CM,ICD9CM,K28.4 + K56.699,534.41,'53441',Chronic or unspecified gastrojejunal ulcer with hemorrhage,,,
GastroEmerg,ICD-9-CM,ICD9CM,K28.6,534.6,'53460',Chronic or unspecified gastrojejunal ulcer with hemorrhage and perforation,,,
GastroEmerg,ICD-9-CM,ICD9CM,K28.6 + K56.699,534.61,'53461',Chronic or unspecified gastrojejunal ulcer with hemorrhage and perforation,,,
GastroEmerg,ICD-9-CM,ICD9CM,K92.1,578.1,'5781 ',Blood in stool,Gastrointestinal hemorrhage [153.],153,
GastroEmerg,ICD-9-CM,ICD9CM,K22.6,530.7,'5307 ',Gastroesophageal laceration-hemorrhage syndrome,Gastrointestinal hemorrhage [153.],153,
GastroEmerg,ICD-9-CM,ICD9CM,I85.01,456,'4560 ',Esophageal varices with bleeding,Gastrointestinal hemorrhage [153.],153,
GastroEmerg,ICD-9-CM,ICD9CM,I85.I1,456.2,'45620',Esophageal varices in diseases classified elsewhere,,,
GastroEmerg,ICD-9-CM,ICD9CM,K22.8,530.82,'53082',Esophageal hemorrhage,Gastrointestinal hemorrhage [153.],153,
GastroEmerg,ICD-9-CM,ICD9CM,K62.5,569.3,'5693 ',Hemorrhage of rectum and anus,Gastrointestinal hemorrhage [153.],153,
GastroEmerg,ICD-9-CM,ICD9CM,K92.0,578,'5780 ',Hematemesis,Gastrointestinal hemorrhage [153.],153,
GastroEmerg,ICD-9-CM,ICD9CM,K92.2,578.9,'5789 ',Hemorrhage of gastrointestinal tract,,,
GastroEmerg,ICD-9-CM,ICD9CM,K22.11; K29.61,530.21,'53021',Ulcer of esophagus with bleeding,Esophageal disorders [138.],138,
GastroEmerg,ICD-9-CM,ICD9CM,K29.01,535.01,'53501',Acute gastritis,,,
GastroEmerg,ICD-9-CM,ICD9CM,K29.21,535.31,'53531',Alcoholic gastritis,,,
GastroEmerg,ICD-9-CM,ICD9CM,K29.31,535.41,'53541',Other specified gastritis,,,
GastroEmerg,ICD-9-CM,ICD9CM,K29.41; K29.51,535.11,'53511',Atrophic gastritis,,,
GastroEmerg,ICD-9-CM,ICD9CM,K29.71; K29.91,535.51,'53551',Unspecified gastritis and gastroduodenitis,,,
GastroEmerg,ICD-9-CM,ICD9CM,K29.81,535.61,'53561',Duodenitis,,,
GastroEmerg,ICD-9-CM,ICD9CM,K31.811,537.83,'53783',Angiodysplasia of stomach and duodenum with hemorrhage,Other disorders of stomach and duodenum [141.],141,
GastroEmerg,ICD-9-CM,ICD9CM,K31.82,537.84,'53784',Dieulafoy lesion (hemorrhagic) of stomach and duodenum,Other disorders of stomach and duodenum [141.],141,
GastroEmerg,ICD-9-CM,ICD9CM,K55.21,569.85,'56985',Angiodysplasia of intestine with hemorrhage,Other gastrointestinal disorders [155.],155,
GastroEmerg,ICD-9-CM,ICD9CM,K57.01; K57.13,562.03,'56203',Diverticulitis of small intestine with hemorrhage,Diverticulosis and diverticulitis [146.],146,
GastroEmerg,ICD-9-CM,ICD9CM,K57.11,562.02,'56202',Diverticulosis of small intestine with hemorrhage,Diverticulosis and diverticulitis [146.],146,
GastroEmerg,ICD-9-CM,ICD9CM,K57.21; K57.33,562.13,'56213',Diverticulitis of colon with hemorrhage,Diverticulosis and diverticulitis [146.],146,
GastroEmerg,ICD-9-CM,ICD9CM,K57.31,562.12,'56212',Diverticulosis of colon with hemorrhage,Diverticulosis and diverticulitis [146.],146,
Localized Tumor,ICD-10-CM,ICD10CM,,C00.0,C000,Malignant neoplasm of external upper lip,,,
Localized Tumor,ICD-10-CM,ICD10CM,,C00.1,C001,Malignant neoplasm of external lower lip,,,
Localized Tumor,ICD-10-CM,ICD10CM,,C00.2,C002,Malignant neoplasm of external lip,,,
Localized Tumor,ICD-10-CM,ICD10CM,,C00.3,C003,Malignant neoplasm of upper lip,,,
Localized Tumor,ICD-10-CM,ICD10CM,,C00.4,C004,Malignant neoplasm of lower lip,,,
Localized Tumor,ICD-10-CM,ICD10CM,,C00.5,C005,Malignant neoplasm of lip,,,
Localized Tumor,ICD-10-CM,ICD10CM,,C00.6,C006,Malignant neoplasm of commissure of lip,,,
Localized Tumor,ICD-10-CM,ICD10CM,,C00.8,C008,Malignant neoplasm of overlapping sites of lip,,,
Localized Tumor,ICD-10-CM,ICD10CM,,C00.9,C009,Malignant neoplasm of lip,,,
Localized Tumor,ICD-10-CM,ICD10CM,,C01,C01,Malignant neoplasm of base of tongue,,,
Localized Tumor,ICD-10-CM,ICD10CM,,C02.0,C020,Malignant neoplasm of dorsal surface of tongue,,,
Localized Tumor,ICD-10-CM,ICD10CM,,C02.1,C021,Malignant neoplasm of border of tongue,,,
Localized Tumor,ICD-10-CM,ICD10CM,,C02.2,C022,Malignant neoplasm of ventral surface of tongue,,,
Localized Tumor,ICD-10-CM,ICD10CM,,C02.3,C023,Malig neoplasm of anterior two-thirds of tongue,,,
Localized Tumor,ICD-10-CM,ICD10CM,,C02.4,C024,Malignant neoplasm of lingual tonsil,,,
Localized Tumor,ICD-10-CM,ICD10CM,,C02.8,C028,Malignant neoplasm of overlapping sites of tongue,,,
Localized Tumor,ICD-10-CM,ICD10CM,,C02.9,C029,Malignant neoplasm of tongue,,,
Localized Tumor,ICD-10-CM,ICD10CM,,C03.0,C030,Malignant neoplasm of upper gum,,,
Localized Tumor,ICD-10-CM,ICD10CM,,C03.1,C031,Malignant neoplasm of lower gum,,,
Localized Tumor,ICD-10-CM,ICD10CM,,C03.9,C039,Malignant neoplasm of gum,,,
Localized Tumor,ICD-10-CM,ICD10CM,,C04.0,C040,Malignant neoplasm of anterior floor of mouth,,,
Localized Tumor,ICD-10-CM,ICD10CM,,C04.1,C041,Malignant neoplasm of lateral floor of mouth,,,
Localized Tumor,ICD-10-CM,ICD10CM,,C04.8,C048,Malignant neoplasm of overlapping sites of floor of mouth,,,
Localized Tumor,ICD-10-CM,ICD10CM,,C04.9,C049,Malignant neoplasm of floor of mouth,,,
Localized Tumor,ICD-10-CM,ICD10CM,,C05.0,C050,Malignant neoplasm of hard palate,,,
Localized Tumor,ICD-10-CM,ICD10CM,,C05.1,C051,Malignant neoplasm of soft palate,,,
Localized Tumor,ICD-10-CM,ICD10CM,,C05.2,C052,Malignant neoplasm of uvula,,,
Localized Tumor,ICD-10-CM,ICD10CM,,C05.8,C058,Malignant neoplasm of overlapping sites of palate,,,
Localized Tumor,ICD-10-CM,ICD10CM,,C05.9,C059,Malignant neoplasm of palate,,,
Localized Tumor,ICD-10-CM,ICD10CM,,C06.0,C060,Malignant neoplasm of cheek mucosa,,,
Localized Tumor,ICD-10-CM,ICD10CM,,C06.1,C061,Malignant neoplasm of vestibule of mouth,,,
Localized Tumor,ICD-10-CM,ICD10CM,,C06.2,C062,Malignant neoplasm of retromolar area,,,
Localized Tumor,ICD-10-CM,ICD10CM,,C06.80,C0680,Malignant neoplasm of ovrlp sites of unsp parts of mouth,,,
Localized Tumor,ICD-10-CM,ICD10CM,,C06.89,C0689,Malignant neoplasm of overlapping sites of oth prt mouth,,,
Localized Tumor,ICD-10-CM,ICD10CM,,C06.9,C069,Malignant neoplasm of mouth,,,
Localized Tumor,ICD-10-CM,ICD10CM,,C07,C07,Malignant neoplasm of parotid gland,,,
Localized Tumor,ICD-10-CM,ICD10CM,,C08.0,C080,Malignant neoplasm of submandibular gland,,,
Localized Tumor,ICD-10-CM,ICD10CM,,C08.1,C081,Malignant neoplasm of sublingual gland,,,
Localized Tumor,ICD-10-CM,ICD10CM,,C08.9,C089,Malignant neoplasm of major salivary gland,,,
Localized Tumor,ICD-10-CM,ICD10CM,,C09.0,C090,Malignant neoplasm of tonsillar fossa,,,
Localized Tumor,ICD-10-CM,ICD10CM,,C09.1,C091,Malig neoplasm of tonsillar pillar (anterior) (posterior),,,
Localized Tumor,ICD-10-CM,ICD10CM,,C09.8,C098,Malignant neoplasm of overlapping sites of tonsil,,,
Localized Tumor,ICD-10-CM,ICD10CM,,C09.9,C099,Malignant neoplasm of tonsil,,,
Localized Tumor,ICD-10-CM,ICD10CM,,C10.0,C100,Malignant neoplasm of vallecula,,,
Localized Tumor,ICD-10-CM,ICD10CM,,C10.1,C101,Malignant neoplasm of anterior surface of epiglottis,,,
Localized Tumor,ICD-10-CM,ICD10CM,,C10.2,C102,Malignant neoplasm of lateral wall of oropharynx,,,
Localized Tumor,ICD-10-CM,ICD10CM,,C10.3,C103,Malignant neoplasm of posterior wall of oropharynx,,,
Localized Tumor,ICD-10-CM,ICD10CM,,C10.4,C104,Malignant neoplasm of branchial cleft,,,
Localized Tumor,ICD-10-CM,ICD10CM,,C10.8,C108,Malignant neoplasm of overlapping sites of oropharynx,,,
Localized Tumor,ICD-10-CM,ICD10CM,,C10.9,C109,Malignant neoplasm of oropharynx,,,
Localized Tumor,ICD-10-CM,ICD10CM,,C11.0,C110,Malignant neoplasm of superior wall of nasopharynx,,,
Localized Tumor,ICD-10-CM,ICD10CM,,C11.1,C111,Malignant neoplasm of posterior wall of nasopharynx,,,
Localized Tumor,ICD-10-CM,ICD10CM,,C11.2,C112,Malignant neoplasm of lateral wall of nasopharynx,,,
Localized Tumor,ICD-10-CM,ICD10CM,,C11.3,C113,Malignant neoplasm of anterior wall of nasopharynx,,,
Localized Tumor,ICD-10-CM,ICD10CM,,C11.8,C118,Malignant neoplasm of overlapping sites of nasopharynx,,,
Localized Tumor,ICD-10-CM,ICD10CM,,C11.9,C119,Malignant neoplasm of nasopharynx,,,
Localized Tumor,ICD-10-CM,ICD10CM,,C12,C12,Malignant neoplasm of pyriform sinus,,,
Localized Tumor,ICD-10-CM,ICD10CM,,C13.0,C130,Malignant neoplasm of postcricoid region,,,
Localized Tumor,ICD-10-CM,ICD10CM,,C13.1,C131,Malig neoplasm of aryepiglottic fold,,,
Localized Tumor,ICD-10-CM,ICD10CM,,C13.2,C132,Malignant neoplasm of posterior wall of hypopharynx,,,
Localized Tumor,ICD-10-CM,ICD10CM,,C13.8,C138,Malignant neoplasm of overlapping sites of hypopharynx,,,
Localized Tumor,ICD-10-CM,ICD10CM,,C13.9,C139,Malignant neoplasm of hypopharynx,,,
Localized Tumor,ICD-10-CM,ICD10CM,,C14.0,C140,Malignant neoplasm of pharynx,,,
Localized Tumor,ICD-10-CM,ICD10CM,,C14.2,C142,Malignant neoplasm of Waldeyer's ring,,,
Localized Tumor,ICD-10-CM,ICD10CM,,C14.8,C148,Malig neoplm of ovrlp sites of lip,,,
Localized Tumor,ICD-10-CM,ICD10CM,,C15.3,C153,Malignant neoplasm of upper third of esophagus,,,
Localized Tumor,ICD-10-CM,ICD10CM,,C15.4,C154,Malignant neoplasm of middle third of esophagus,,,
Localized Tumor,ICD-10-CM,ICD10CM,,C15.5,C155,Malignant neoplasm of lower third of esophagus,,,
Localized Tumor,ICD-10-CM,ICD10CM,,C15.8,C158,Malignant neoplasm of overlapping sites of esophagus,,,
Localized Tumor,ICD-10-CM,ICD10CM,,C15.9,C159,Malignant neoplasm of esophagus,,,
Localized Tumor,ICD-10-CM,ICD10CM,,C16.0,C160,Malignant neoplasm of cardia,,,
Localized Tumor,ICD-10-CM,ICD10CM,,C16.1,C161,Malignant neoplasm of fundus of stomach,,,
Localized Tumor,ICD-10-CM,ICD10CM,,C16.2,C162,Malignant neoplasm of body of stomach,,,
Localized Tumor,ICD-10-CM,ICD10CM,,C16.3,C163,Malignant neoplasm of pyloric antrum,,,
Localized Tumor,ICD-10-CM,ICD10CM,,C16.4,C164,Malignant neoplasm of pylorus,,,
Localized Tumor,ICD-10-CM,ICD10CM,,C16.5,C165,Malignant neoplasm of lesser curvature of stomach,,,
Localized Tumor,ICD-10-CM,ICD10CM,,C16.6,C166,Malignant neoplasm of greater curvature of stomach,,,
Localized Tumor,ICD-10-CM,ICD10CM,,C16.8,C168,Malignant neoplasm of overlapping sites of stomach,,,
Localized Tumor,ICD-10-CM,ICD10CM,,C16.9,C169,Malignant neoplasm of stomach,,,
Localized Tumor,ICD-10-CM,ICD10CM,,C17.0,C170,Malignant neoplasm of duodenum,,,
Localized Tumor,ICD-10-CM,ICD10CM,,C17.1,C171,Malignant neoplasm of jejunum,,,
Localized Tumor,ICD-10-CM,ICD10CM,,C17.2,C172,Malignant neoplasm of ileum,,,
Localized Tumor,ICD-10-CM,ICD10CM,,C17.3,C173,Meckel's diverticulum,,,
Localized Tumor,ICD-10-CM,ICD10CM,,C17.8,C178,Malignant neoplasm of overlapping sites of small intestine,,,
Localized Tumor,ICD-10-CM,ICD10CM,,C17.9,C179,Malignant neoplasm of small intestine,,,
Localized Tumor,ICD-10-CM,ICD10CM,,C18.0,C180,Malignant neoplasm of cecum,,,
Localized Tumor,ICD-10-CM,ICD10CM,,C18.1,C181,Malignant neoplasm of appendix,,,
Localized Tumor,ICD-10-CM,ICD10CM,,C18.2,C182,Malignant neoplasm of ascending colon,,,
Localized Tumor,ICD-10-CM,ICD10CM,,C18.3,C183,Malignant neoplasm of hepatic flexure,,,
Localized Tumor,ICD-10-CM,ICD10CM,,C18.4,C184,Malignant neoplasm of transverse colon,,,
Localized Tumor,ICD-10-CM,ICD10CM,,C18.5,C185,Malignant neoplasm of splenic flexure,,,
Localized Tumor,ICD-10-CM,ICD10CM,,C18.6,C186,Malignant neoplasm of descending colon,,,
Localized Tumor,ICD-10-CM,ICD10CM,,C18.7,C187,Malignant neoplasm of sigmoid colon,,,
Localized Tumor,ICD-10-CM,ICD10CM,,C18.8,C188,Malignant neoplasm of overlapping sites of colon,,,
Localized Tumor,ICD-10-CM,ICD10CM,,C18.9,C189,Malignant neoplasm of colon,,,
Localized Tumor,ICD-10-CM,ICD10CM,,C19,C19,Malignant neoplasm of rectosigmoid junction,,,
Localized Tumor,ICD-10-CM,ICD10CM,,C20,C20,Malignant neoplasm of rectum,,,
Localized Tumor,ICD-10-CM,ICD10CM,,C21.0,C210,Malignant neoplasm of anus,,,
Localized Tumor,ICD-10-CM,ICD10CM,,C21.1,C211,Malignant neoplasm of anal canal,,,
Localized Tumor,ICD-10-CM,ICD10CM,,C21.2,C212,Malignant neoplasm of cloacogenic zone,,,
Localized Tumor,ICD-10-CM,ICD10CM,,C21.8,C218,Malig neoplasm of ovrlp sites of rectum,,,
Localized Tumor,ICD-10-CM,ICD10CM,,C22.0,C220,Liver cell carcinoma,,,
Localized Tumor,ICD-10-CM,ICD10CM,,C22.1,C221,Intrahepatic bile duct carcinoma,,,
Localized Tumor,ICD-10-CM,ICD10CM,,C22.2,C222,Hepatoblastoma,,,
Localized Tumor,ICD-10-CM,ICD10CM,,C22.3,C223,Angiosarcoma of liver,,,
Localized Tumor,ICD-10-CM,ICD10CM,,C22.4,C224,Other sarcomas of liver,,,
Localized Tumor,ICD-10-CM,ICD10CM,,C22.7,C227,Other specified carcinomas of liver,,,
Localized Tumor,ICD-10-CM,ICD10CM,,C22.8,C228,Malignant neoplasm of liver,,,
Localized Tumor,ICD-10-CM,ICD10CM,,C22.9,C229,Malig neoplasm of liver,,,
Localized Tumor,ICD-10-CM,ICD10CM,,C23,C23,Malignant neoplasm of gallbladder,,,
Localized Tumor,ICD-10-CM,ICD10CM,,C24.0,C240,Malignant neoplasm of extrahepatic bile duct,,,
Localized Tumor,ICD-10-CM,ICD10CM,,C24.1,C241,Malignant neoplasm of ampulla of Vater,,,
Localized Tumor,ICD-10-CM,ICD10CM,,C24.8,C248,Malignant neoplasm of overlapping sites of biliary tract,,,
Localized Tumor,ICD-10-CM,ICD10CM,,C24.9,C249,Malignant neoplasm of biliary tract,,,
Localized Tumor,ICD-10-CM,ICD10CM,,C25.0,C250,Malignant neoplasm of head of pancreas,,,
Localized Tumor,ICD-10-CM,ICD10CM,,C25.1,C251,Malignant neoplasm of body of pancreas,,,
Localized Tumor,ICD-10-CM,ICD10CM,,C25.2,C252,Malignant neoplasm of tail of pancreas,,,
Localized Tumor,ICD-10-CM,ICD10CM,,C25.3,C253,Malignant neoplasm of pancreatic duct,,,
Localized Tumor,ICD-10-CM,ICD10CM,,C25.4,C254,Malignant neoplasm of endocrine pancreas,,,
Localized Tumor,ICD-10-CM,ICD10CM,,C25.7,C257,Malignant neoplasm of other parts of pancreas,,,
Localized Tumor,ICD-10-CM,ICD10CM,,C25.8,C258,Malignant neoplasm of overlapping sites of pancreas,,,
Localized Tumor,ICD-10-CM,ICD10CM,,C25.9,C259,Malignant neoplasm of pancreas,,,
Localized Tumor,ICD-10-CM,ICD10CM,,C26.0,C260,Malignant neoplasm of intestinal tract,,,
Localized Tumor,ICD-10-CM,ICD10CM,,C26.1,C261,Malignant neoplasm of spleen,,,
Localized Tumor,ICD-10-CM,ICD10CM,,C26.9,C269,Malignant neoplasm of ill-defined sites within the dgstv sys,,,
Localized Tumor,ICD-10-CM,ICD10CM,,C30.0,C300,Malignant neoplasm of nasal cavity,,,
Localized Tumor,ICD-10-CM,ICD10CM,,C30.1,C301,Malignant neoplasm of middle ear,,,
Localized Tumor,ICD-10-CM,ICD10CM,,C31.0,C310,Malignant neoplasm of maxillary sinus,,,
Localized Tumor,ICD-10-CM,ICD10CM,,C31.1,C311,Malignant neoplasm of ethmoidal sinus,,,
Localized Tumor,ICD-10-CM,ICD10CM,,C31.2,C312,Malignant neoplasm of frontal sinus,,,
Localized Tumor,ICD-10-CM,ICD10CM,,C31.3,C313,Malignant neoplasm of sphenoid sinus,,,
Localized Tumor,ICD-10-CM,ICD10CM,,C31.8,C318,Malignant neoplasm of overlapping sites of accessory sinuses,,,
Localized Tumor,ICD-10-CM,ICD10CM,,C31.9,C319,Malignant neoplasm of accessory sinus,,,
Localized Tumor,ICD-10-CM,ICD10CM,,C32.0,C320,Malignant neoplasm of glottis,,,
Localized Tumor,ICD-10-CM,ICD10CM,,C32.1,C321,Malignant neoplasm of supraglottis,,,
Localized Tumor,ICD-10-CM,ICD10CM,,C32.2,C322,Malignant neoplasm of subglottis,,,
Localized Tumor,ICD-10-CM,ICD10CM,,C32.3,C323,Malignant neoplasm of laryngeal cartilage,,,
Localized Tumor,ICD-10-CM,ICD10CM,,C32.8,C328,Malignant neoplasm of overlapping sites of larynx,,,
Localized Tumor,ICD-10-CM,ICD10CM,,C32.9,C329,Malignant neoplasm of larynx,,,
Localized Tumor,ICD-10-CM,ICD10CM,,C33,C33,Malignant neoplasm of trachea,,,
Localized Tumor,ICD-10-CM,ICD10CM,,C34.00,C3400,Malignant neoplasm of unspecified main bronchus,,,
Localized Tumor,ICD-10-CM,ICD10CM,,C34.01,C3401,Malignant neoplasm of right main bronchus,,,
Localized Tumor,ICD-10-CM,ICD10CM,,C34.02,C3402,Malignant neoplasm of left main bronchus,,,
Localized Tumor,ICD-10-CM,ICD10CM,,C34.10,C3410,Malignant neoplasm of upper lobe,,,
Localized Tumor,ICD-10-CM,ICD10CM,,C34.11,C3411,Malignant neoplasm of upper lobe,,,
Localized Tumor,ICD-10-CM,ICD10CM,,C34.12,C3412,Malignant neoplasm of upper lobe,,,
Localized Tumor,ICD-10-CM,ICD10CM,,C34.2,C342,Malignant neoplasm of middle lobe,,,
Localized Tumor,ICD-10-CM,ICD10CM,,C34.30,C3430,Malignant neoplasm of lower lobe,,,
Localized Tumor,ICD-10-CM,ICD10CM,,C34.31,C3431,Malignant neoplasm of lower lobe,,,
Localized Tumor,ICD-10-CM,ICD10CM,,C34.32,C3432,Malignant neoplasm of lower lobe,,,
Localized Tumor,ICD-10-CM,ICD10CM,,C34.80,C3480,Malignant neoplasm of ovrlp sites of unsp bronchus and lung,,,
Localized Tumor,ICD-10-CM,ICD10CM,,C34.81,C3481,Malignant neoplasm of ovrlp sites of right bronchus and lung,,,
Localized Tumor,ICD-10-CM,ICD10CM,,C34.82,C3482,Malignant neoplasm of ovrlp sites of left bronchus and lung,,,
Localized Tumor,ICD-10-CM,ICD10CM,,C34.90,C3490,Malignant neoplasm of unsp part of unsp bronchus or lung,,,
Localized Tumor,ICD-10-CM,ICD10CM,,C34.91,C3491,Malignant neoplasm of unsp part of right bronchus or lung,,,
Localized Tumor,ICD-10-CM,ICD10CM,,C34.92,C3492,Malignant neoplasm of unsp part of left bronchus or lung,,,
Localized Tumor,ICD-10-CM,ICD10CM,,C37,C37,Malignant neoplasm of thymus,,,
Localized Tumor,ICD-10-CM,ICD10CM,,C38.0,C380,Malignant neoplasm of heart,,,
Localized Tumor,ICD-10-CM,ICD10CM,,C38.1,C381,Malignant neoplasm of anterior mediastinum,,,
Localized Tumor,ICD-10-CM,ICD10CM,,C38.2,C382,Malignant neoplasm of posterior mediastinum,,,
Localized Tumor,ICD-10-CM,ICD10CM,,C38.3,C383,Malignant neoplasm of mediastinum,,,
Localized Tumor,ICD-10-CM,ICD10CM,,C38.4,C384,Malignant neoplasm of pleura,,,
Localized Tumor,ICD-10-CM,ICD10CM,,C38.8,C388,Malig neoplm of ovrlp sites of heart,,,
Localized Tumor,ICD-10-CM,ICD10CM,,C39.0,C390,Malignant neoplasm of upper respiratory tract,,,
Localized Tumor,ICD-10-CM,ICD10CM,,C39.9,C399,Malignant neoplasm of lower respiratory tract,,,
Localized Tumor,ICD-10-CM,ICD10CM,,C40.00,C4000,Malig neoplasm of scapula and long bones of unsp upper limb,,,
Localized Tumor,ICD-10-CM,ICD10CM,,C40.01,C4001,Malig neoplasm of scapula and long bones of right upper limb,,,
Localized Tumor,ICD-10-CM,ICD10CM,,C40.02,C4002,Malig neoplasm of scapula and long bones of left upper limb,,,
Localized Tumor,ICD-10-CM,ICD10CM,,C40.10,C4010,Malignant neoplasm of short bones of unspecified upper limb,,,
Localized Tumor,ICD-10-CM,ICD10CM,,C40.11,C4011,Malignant neoplasm of short bones of right upper limb,,,
Localized Tumor,ICD-10-CM,ICD10CM,,C40.12,C4012,Malignant neoplasm of short bones of left upper limb,,,
Localized Tumor,ICD-10-CM,ICD10CM,,C40.20,C4020,Malignant neoplasm of long bones of unspecified lower limb,,,
Localized Tumor,ICD-10-CM,ICD10CM,,C40.21,C4021,Malignant neoplasm of long bones of right lower limb,,,
Localized Tumor,ICD-10-CM,ICD10CM,,C40.22,C4022,Malignant neoplasm of long bones of left lower limb,,,
Localized Tumor,ICD-10-CM,ICD10CM,,C40.30,C4030,Malignant neoplasm of short bones of unspecified lower limb,,,
Localized Tumor,ICD-10-CM,ICD10CM,,C40.31,C4031,Malignant neoplasm of short bones of right lower limb,,,
Localized Tumor,ICD-10-CM,ICD10CM,,C40.32,C4032,Malignant neoplasm of short bones of left lower limb,,,
Localized Tumor,ICD-10-CM,ICD10CM,,C40.80,C4080,Malig neoplm of ovrlp sites of bone/artic cartl of unsp limb,,,
Localized Tumor,ICD-10-CM,ICD10CM,,C40.81,C4081,Malig neoplm of ovrlp sites of bone/artic cartl of r limb,,,
Localized Tumor,ICD-10-CM,ICD10CM,,C40.82,C4082,Malig neoplm of ovrlp sites of bone/artic cartl of left limb,,,
Localized Tumor,ICD-10-CM,ICD10CM,,C40.90,C4090,Malig neoplasm of unsp bones and artic cartlg of unsp limb,,,
Localized Tumor,ICD-10-CM,ICD10CM,,C40.91,C4091,Malig neoplasm of unsp bones and artic cartlg of right limb,,,
Localized Tumor,ICD-10-CM,ICD10CM,,C40.92,C4092,Malig neoplasm of unsp bones and artic cartlg of left limb,,,
Localized Tumor,ICD-10-CM,ICD10CM,,C41.0,C410,Malignant neoplasm of bones of skull and face,,,
Localized Tumor,ICD-10-CM,ICD10CM,,C41.1,C411,Malignant neoplasm of mandible,,,
Localized Tumor,ICD-10-CM,ICD10CM,,C41.2,C412,Malignant neoplasm of vertebral column,,,
Localized Tumor,ICD-10-CM,ICD10CM,,C41.3,C413,Malignant neoplasm of ribs,,,
Localized Tumor,ICD-10-CM,ICD10CM,,C41.4,C414,Malignant neoplasm of pelvic bones,,,
Localized Tumor,ICD-10-CM,ICD10CM,,C41.9,C419,Malignant neoplasm of bone and articular cartilage,,,
Localized Tumor,ICD-10-CM,ICD10CM,,C43.0,C430,Malignant melanoma of lip,,,
Localized Tumor,ICD-10-CM,ICD10CM,,C43.10,C4310,Malignant melanoma of unspecified eyelid,,,
Localized Tumor,ICD-10-CM,ICD10CM,,C43.11,C4311,Malignant melanoma of right eyelid,,,
Localized Tumor,ICD-10-CM,ICD10CM,,C43.111,C43111,Malignant melanoma of right upper eyelid,,,
Localized Tumor,ICD-10-CM,ICD10CM,,C43.112,C43112,Malignant melanoma of right lower eyelid,,,
Localized Tumor,ICD-10-CM,ICD10CM,,C43.12,C4312,Malignant melanoma of left eyelid,,,
Localized Tumor,ICD-10-CM,ICD10CM,,C43.121,C43121,Malignant melanoma of left upper eyelid,,,
Localized Tumor,ICD-10-CM,ICD10CM,,C43.122,C43122,Malignant melanoma of left lower eyelid,,,
Localized Tumor,ICD-10-CM,ICD10CM,,C43.20,C4320,Malignant melanoma of unsp ear and external auricular canal,,,
Localized Tumor,ICD-10-CM,ICD10CM,,C43.21,C4321,Malignant melanoma of right ear and external auricular canal,,,
Localized Tumor,ICD-10-CM,ICD10CM,,C43.22,C4322,Malignant melanoma of left ear and external auricular canal,,,
Localized Tumor,ICD-10-CM,ICD10CM,,C43.30,C4330,Malignant melanoma of unspecified part of face,,,
Localized Tumor,ICD-10-CM,ICD10CM,,C43.31,C4331,Malignant melanoma of nose,,,
Localized Tumor,ICD-10-CM,ICD10CM,,C43.39,C4339,Malignant melanoma of other parts of face,,,
Localized Tumor,ICD-10-CM,ICD10CM,,C43.4,C434,Malignant melanoma of scalp and neck,,,
Localized Tumor,ICD-10-CM,ICD10CM,,C43.51,C4351,Malignant melanoma of anal skin,,,
Localized Tumor,ICD-10-CM,ICD10CM,,C43.52,C4352,Malignant melanoma of skin of breast,,,
Localized Tumor,ICD-10-CM,ICD10CM,,C43.59,C4359,Malignant melanoma of other part of trunk,,,
Localized Tumor,ICD-10-CM,ICD10CM,,C43.60,C4360,Malignant melanoma of unsp upper limb,,,
Localized Tumor,ICD-10-CM,ICD10CM,,C43.61,C4361,Malignant melanoma of right upper limb,,,
Localized Tumor,ICD-10-CM,ICD10CM,,C43.62,C4362,Malignant melanoma of left upper limb,,,
Localized Tumor,ICD-10-CM,ICD10CM,,C43.70,C4370,Malignant melanoma of unspecified lower limb,,,
Localized Tumor,ICD-10-CM,ICD10CM,,C43.71,C4371,Malignant melanoma of right lower limb,,,
Localized Tumor,ICD-10-CM,ICD10CM,,C43.72,C4372,Malignant melanoma of left lower limb,,,
Localized Tumor,ICD-10-CM,ICD10CM,,C43.8,C438,Malignant melanoma of overlapping sites of skin,,,
Localized Tumor,ICD-10-CM,ICD10CM,,C43.9,C439,Malignant melanoma of skin,,,
Localized Tumor,ICD-10-CM,ICD10CM,,C45.0,C450,Mesothelioma of pleura,,,
Localized Tumor,ICD-10-CM,ICD10CM,,C45.1,C451,Mesothelioma of peritoneum,,,
Localized Tumor,ICD-10-CM,ICD10CM,,C45.2,C452,Mesothelioma of pericardium,,,
Localized Tumor,ICD-10-CM,ICD10CM,,C45.7,C457,Mesothelioma of other sites,,,
Localized Tumor,ICD-10-CM,ICD10CM,,C45.9,C459,Mesothelioma,,,
Localized Tumor,ICD-10-CM,ICD10CM,,C46.0,C460,Kaposi's sarcoma of skin,,,
Localized Tumor,ICD-10-CM,ICD10CM,,C46.1,C461,Kaposi's sarcoma of soft tissue,,,
Localized Tumor,ICD-10-CM,ICD10CM,,C46.2,C462,Kaposi's sarcoma of palate,,,
Localized Tumor,ICD-10-CM,ICD10CM,,C46.3,C463,Kaposi's sarcoma of lymph nodes,,,
Localized Tumor,ICD-10-CM,ICD10CM,,C46.4,C464,Kaposi's sarcoma of gastrointestinal sites,,,
Localized Tumor,ICD-10-CM,ICD10CM,,C46.50,C4650,Kaposi's sarcoma of unspecified lung,,,
Localized Tumor,ICD-10-CM,ICD10CM,,C46.51,C4651,Kaposi's sarcoma of right lung,,,
Localized Tumor,ICD-10-CM,ICD10CM,,C46.52,C4652,Kaposi's sarcoma of left lung,,,
Localized Tumor,ICD-10-CM,ICD10CM,,C46.7,C467,Kaposi's sarcoma of other sites,,,
Localized Tumor,ICD-10-CM,ICD10CM,,C46.9,C469,Kaposi's sarcoma,,,
Localized Tumor,ICD-10-CM,ICD10CM,,C47.0,C470,Malignant neoplasm of prph nerves of head,,,
Localized Tumor,ICD-10-CM,ICD10CM,,C47.10,C4710,Malig neoplm of prph nerves of unsp upper limb,,,
Localized Tumor,ICD-10-CM,ICD10CM,,C47.11,C4711,Malig neoplm of prph nerves of right upper limb,,,
Localized Tumor,ICD-10-CM,ICD10CM,,C47.12,C4712,Malig neoplm of prph nerves of left upper limb,,,
Localized Tumor,ICD-10-CM,ICD10CM,,C47.20,C4720,Malig neoplasm of prph nerves of unsp lower limb,,,
Localized Tumor,ICD-10-CM,ICD10CM,,C47.21,C4721,Malig neoplasm of prph nerves of right lower limb,,,
Localized Tumor,ICD-10-CM,ICD10CM,,C47.22,C4722,Malig neoplasm of prph nerves of left lower limb,,,
Localized Tumor,ICD-10-CM,ICD10CM,,C47.3,C473,Malignant neoplasm of peripheral nerves of thorax,,,
Localized Tumor,ICD-10-CM,ICD10CM,,C47.4,C474,Malignant neoplasm of peripheral nerves of abdomen,,,
Localized Tumor,ICD-10-CM,ICD10CM,,C47.5,C475,Malignant neoplasm of peripheral nerves of pelvis,,,
Localized Tumor,ICD-10-CM,ICD10CM,,C47.6,C476,Malignant neoplasm of peripheral nerves of trunk,,,
Localized Tumor,ICD-10-CM,ICD10CM,,C47.8,C478,Malig neoplm of ovrlp sites of prph nrv and autonm nrv sys,,,
Localized Tumor,ICD-10-CM,ICD10CM,,C47.9,C479,Malig neoplasm of prph nerves and autonm nervous sys,,,
Localized Tumor,ICD-10-CM,ICD10CM,,C48.0,C480,Malignant neoplasm of retroperitoneum,,,
Localized Tumor,ICD-10-CM,ICD10CM,,C48.1,C481,Malignant neoplasm of specified parts of peritoneum,,,
Localized Tumor,ICD-10-CM,ICD10CM,,C48.2,C482,Malignant neoplasm of peritoneum,,,
Localized Tumor,ICD-10-CM,ICD10CM,,C48.8,C488,Malig neoplasm of ovrlp sites of retroperiton and peritoneum,,,
Localized Tumor,ICD-10-CM,ICD10CM,,C49.0,C490,Malig neoplm of conn and soft tissue of head,,,
Localized Tumor,ICD-10-CM,ICD10CM,,C49.10,C4910,Malig neoplm of conn & soft tiss of unsp upr lmb,,,
Localized Tumor,ICD-10-CM,ICD10CM,,C49.11,C4911,Malig neoplm of conn and soft tiss of r upr limb,,,
Localized Tumor,ICD-10-CM,ICD10CM,,C49.12,C4912,Malig neoplm of conn and soft tiss of l upr limb,,,
Localized Tumor,ICD-10-CM,ICD10CM,,C49.20,C4920,Malig neoplm of conn and soft tiss of unsp low limb,,,
Localized Tumor,ICD-10-CM,ICD10CM,,C49.21,C4921,Malig neoplm of conn and soft tiss of r low limb,,,
Localized Tumor,ICD-10-CM,ICD10CM,,C49.22,C4922,Malig neoplm of conn and soft tiss of left low limb,,,
Localized Tumor,ICD-10-CM,ICD10CM,,C49.3,C493,Malignant neoplasm of connective and soft tissue of thorax,,,
Localized Tumor,ICD-10-CM,ICD10CM,,C49.4,C494,Malignant neoplasm of connective and soft tissue of abdomen,,,
Localized Tumor,ICD-10-CM,ICD10CM,,C49.5,C495,Malignant neoplasm of connective and soft tissue of pelvis,,,
Localized Tumor,ICD-10-CM,ICD10CM,,C49.6,C496,Malignant neoplasm of conn and soft tissue of trunk,,,
Localized Tumor,ICD-10-CM,ICD10CM,,C49.8,C498,Malignant neoplasm of ovrlp sites of conn and soft tissue,,,
Localized Tumor,ICD-10-CM,ICD10CM,,C49.9,C499,Malignant neoplasm of connective and soft tissue,,,
Localized Tumor,ICD-10-CM,ICD10CM,,C49.A0,C49A0,Gastrointestinal stromal tumor,,,
Localized Tumor,ICD-10-CM,ICD10CM,,C49.A1,C49A1,Gastrointestinal stromal tumor of esophagus,,,
Localized Tumor,ICD-10-CM,ICD10CM,,C49.A2,C49A2,Gastrointestinal stromal tumor of stomach,,,
Localized Tumor,ICD-10-CM,ICD10CM,,C49.A3,C49A3,Gastrointestinal stromal tumor of small intestine,,,
Localized Tumor,ICD-10-CM,ICD10CM,,C49.A4,C49A4,Gastrointestinal stromal tumor of large intestine,,,
Localized Tumor,ICD-10-CM,ICD10CM,,C49.A5,C49A5,Gastrointestinal stromal tumor of rectum,,,
Localized Tumor,ICD-10-CM,ICD10CM,,C49.A9,C49A9,Gastrointestinal stromal tumor of other sites,,,
Localized Tumor,ICD-10-CM,ICD10CM,,C4A.0,C4A0,Merkel cell carcinoma of lip,,,
Localized Tumor,ICD-10-CM,ICD10CM,,C4A.10,C4A10,Merkel cell carcinoma of unsp eyelid,,,
Localized Tumor,ICD-10-CM,ICD10CM,,C4A.11,C4A11,Merkel cell carcinoma of right eyelid,,,
Localized Tumor,ICD-10-CM,ICD10CM,,C4A.111,C4A111,Merkel cell carcinoma of right upper eyelid,,,
Localized Tumor,ICD-10-CM,ICD10CM,,C4A.112,C4A112,Merkel cell carcinoma of right lower eyelid,,,
Localized Tumor,ICD-10-CM,ICD10CM,,C4A.12,C4A12,Merkel cell carcinoma of left eyelid,,,
Localized Tumor,ICD-10-CM,ICD10CM,,C4A.121,C4A121,Merkel cell carcinoma of left upper eyelid,,,
Localized Tumor,ICD-10-CM,ICD10CM,,C4A.122,C4A122,Merkel cell carcinoma of left lower eyelid,,,
Localized Tumor,ICD-10-CM,ICD10CM,,C4A.20,C4A20,Merkel cell carcinoma of unsp ear and external auric canal,,,
Localized Tumor,ICD-10-CM,ICD10CM,,C4A.21,C4A21,Merkel cell carcinoma of right ear and external auric canal,,,
Localized Tumor,ICD-10-CM,ICD10CM,,C4A.22,C4A22,Merkel cell carcinoma of left ear and external auric canal,,,
Localized Tumor,ICD-10-CM,ICD10CM,,C4A.30,C4A30,Merkel cell carcinoma of unspecified part of face,,,
Localized Tumor,ICD-10-CM,ICD10CM,,C4A.31,C4A31,Merkel cell carcinoma of nose,,,
Localized Tumor,ICD-10-CM,ICD10CM,,C4A.39,C4A39,Merkel cell carcinoma of other parts of face,,,
Localized Tumor,ICD-10-CM,ICD10CM,,C4A.4,C4A4,Merkel cell carcinoma of scalp and neck,,,
Localized Tumor,ICD-10-CM,ICD10CM,,C4A.51,C4A51,Merkel cell carcinoma of anal skin,,,
Localized Tumor,ICD-10-CM,ICD10CM,,C4A.52,C4A52,Merkel cell carcinoma of skin of breast,,,
Localized Tumor,ICD-10-CM,ICD10CM,,C4A.59,C4A59,Merkel cell carcinoma of other part of trunk,,,
Localized Tumor,ICD-10-CM,ICD10CM,,C4A.60,C4A60,Merkel cell carcinoma of unsp upper limb,,,
Localized Tumor,ICD-10-CM,ICD10CM,,C4A.61,C4A61,Merkel cell carcinoma of right upper limb,,,
Localized Tumor,ICD-10-CM,ICD10CM,,C4A.62,C4A62,Merkel cell carcinoma of left upper limb,,,
Localized Tumor,ICD-10-CM,ICD10CM,,C4A.70,C4A70,Merkel cell carcinoma of unsp lower limb,,,
Localized Tumor,ICD-10-CM,ICD10CM,,C4A.71,C4A71,Merkel cell carcinoma of right lower limb,,,
Localized Tumor,ICD-10-CM,ICD10CM,,C4A.72,C4A72,Merkel cell carcinoma of left lower limb,,,
Localized Tumor,ICD-10-CM,ICD10CM,,C4A.8,C4A8,Merkel cell carcinoma of overlapping sites,,,
Localized Tumor,ICD-10-CM,ICD10CM,,C4A.9,C4A9,Merkel cell carcinoma,,,
Localized Tumor,ICD-10-CM,ICD10CM,,C50.011,C50011,Malignant neoplasm of nipple and areola,,,
Localized Tumor,ICD-10-CM,ICD10CM,,C50.012,C50012,Malignant neoplasm of nipple and areola,,,
Localized Tumor,ICD-10-CM,ICD10CM,,C50.019,C50019,Malignant neoplasm of nipple and areola,,,
Localized Tumor,ICD-10-CM,ICD10CM,,C50.021,C50021,Malignant neoplasm of nipple and areola,,,
Localized Tumor,ICD-10-CM,ICD10CM,,C50.022,C50022,Malignant neoplasm of nipple and areola,,,
Localized Tumor,ICD-10-CM,ICD10CM,,C50.029,C50029,Malignant neoplasm of nipple and areola,,,
Localized Tumor,ICD-10-CM,ICD10CM,,C50.111,C50111,Malignant neoplasm of central portion of right female breast,,,
Localized Tumor,ICD-10-CM,ICD10CM,,C50.112,C50112,Malignant neoplasm of central portion of left female breast,,,
Localized Tumor,ICD-10-CM,ICD10CM,,C50.119,C50119,Malignant neoplasm of central portion of unsp female breast,,,
Localized Tumor,ICD-10-CM,ICD10CM,,C50.121,C50121,Malignant neoplasm of central portion of right male breast,,,
Localized Tumor,ICD-10-CM,ICD10CM,,C50.122,C50122,Malignant neoplasm of central portion of left male breast,,,
Localized Tumor,ICD-10-CM,ICD10CM,,C50.129,C50129,Malignant neoplasm of central portion of unsp male breast,,,
Localized Tumor,ICD-10-CM,ICD10CM,,C50.211,C50211,Malig neoplm of upper-inner quadrant of right female breast,,,
Localized Tumor,ICD-10-CM,ICD10CM,,C50.212,C50212,Malig neoplasm of upper-inner quadrant of left female breast,,,
Localized Tumor,ICD-10-CM,ICD10CM,,C50.219,C50219,Malig neoplasm of upper-inner quadrant of unsp female breast,,,
Localized Tumor,ICD-10-CM,ICD10CM,,C50.221,C50221,Malig neoplasm of upper-inner quadrant of right male breast,,,
Localized Tumor,ICD-10-CM,ICD10CM,,C50.222,C50222,Malig neoplasm of upper-inner quadrant of left male breast,,,
Localized Tumor,ICD-10-CM,ICD10CM,,C50.229,C50229,Malig neoplasm of upper-inner quadrant of unsp male breast,,,
Localized Tumor,ICD-10-CM,ICD10CM,,C50.311,C50311,Malig neoplm of lower-inner quadrant of right female breast,,,
Localized Tumor,ICD-10-CM,ICD10CM,,C50.312,C50312,Malig neoplasm of lower-inner quadrant of left female breast,,,
Localized Tumor,ICD-10-CM,ICD10CM,,C50.319,C50319,Malig neoplasm of lower-inner quadrant of unsp female breast,,,
Localized Tumor,ICD-10-CM,ICD10CM,,C50.321,C50321,Malig neoplasm of lower-inner quadrant of right male breast,,,
Localized Tumor,ICD-10-CM,ICD10CM,,C50.322,C50322,Malig neoplasm of lower-inner quadrant of left male breast,,,
Localized Tumor,ICD-10-CM,ICD10CM,,C50.329,C50329,Malig neoplasm of lower-inner quadrant of unsp male breast,,,
Localized Tumor,ICD-10-CM,ICD10CM,,C50.411,C50411,Malig neoplm of upper-outer quadrant of right female breast,,,
Localized Tumor,ICD-10-CM,ICD10CM,,C50.412,C50412,Malig neoplasm of upper-outer quadrant of left female breast,,,
Localized Tumor,ICD-10-CM,ICD10CM,,C50.419,C50419,Malig neoplasm of upper-outer quadrant of unsp female breast,,,
Localized Tumor,ICD-10-CM,ICD10CM,,C50.421,C50421,Malig neoplasm of upper-outer quadrant of right male breast,,,
Localized Tumor,ICD-10-CM,ICD10CM,,C50.422,C50422,Malig neoplasm of upper-outer quadrant of left male breast,,,
Localized Tumor,ICD-10-CM,ICD10CM,,C50.429,C50429,Malig neoplasm of upper-outer quadrant of unsp male breast,,,
Localized Tumor,ICD-10-CM,ICD10CM,,C50.511,C50511,Malig neoplm of lower-outer quadrant of right female breast,,,
Localized Tumor,ICD-10-CM,ICD10CM,,C50.512,C50512,Malig neoplasm of lower-outer quadrant of left female breast,,,
Localized Tumor,ICD-10-CM,ICD10CM,,C50.519,C50519,Malig neoplasm of lower-outer quadrant of unsp female breast,,,
Localized Tumor,ICD-10-CM,ICD10CM,,C50.521,C50521,Malig neoplasm of lower-outer quadrant of right male breast,,,
Localized Tumor,ICD-10-CM,ICD10CM,,C50.522,C50522,Malig neoplasm of lower-outer quadrant of left male breast,,,
Localized Tumor,ICD-10-CM,ICD10CM,,C50.529,C50529,Malig neoplasm of lower-outer quadrant of unsp male breast,,,
Localized Tumor,ICD-10-CM,ICD10CM,,C50.611,C50611,Malignant neoplasm of axillary tail of right female breast,,,
Localized Tumor,ICD-10-CM,ICD10CM,,C50.612,C50612,Malignant neoplasm of axillary tail of left female breast,,,
Localized Tumor,ICD-10-CM,ICD10CM,,C50.619,C50619,Malignant neoplasm of axillary tail of unsp female breast,,,
Localized Tumor,ICD-10-CM,ICD10CM,,C50.621,C50621,Malignant neoplasm of axillary tail of right male breast,,,
Localized Tumor,ICD-10-CM,ICD10CM,,C50.622,C50622,Malignant neoplasm of axillary tail of left male breast,,,
Localized Tumor,ICD-10-CM,ICD10CM,,C50.629,C50629,Malignant neoplasm of axillary tail of unsp male breast,,,
Localized Tumor,ICD-10-CM,ICD10CM,,C50.811,C50811,Malignant neoplasm of ovrlp sites of right female breast,,,
Localized Tumor,ICD-10-CM,ICD10CM,,C50.812,C50812,Malignant neoplasm of ovrlp sites of left female breast,,,
Localized Tumor,ICD-10-CM,ICD10CM,,C50.819,C50819,Malignant neoplasm of ovrlp sites of unsp female breast,,,
Localized Tumor,ICD-10-CM,ICD10CM,,C50.821,C50821,Malignant neoplasm of overlapping sites of right male breast,,,
Localized Tumor,ICD-10-CM,ICD10CM,,C50.822,C50822,Malignant neoplasm of overlapping sites of left male breast,,,
Localized Tumor,ICD-10-CM,ICD10CM,,C50.829,C50829,Malignant neoplasm of overlapping sites of unsp male breast,,,
Localized Tumor,ICD-10-CM,ICD10CM,,C50.911,C50911,Malignant neoplasm of unsp site of right female breast,,,
Localized Tumor,ICD-10-CM,ICD10CM,,C50.912,C50912,Malignant neoplasm of unspecified site of left female breast,,,
Localized Tumor,ICD-10-CM,ICD10CM,,C50.919,C50919,Malignant neoplasm of unsp site of unspecified female breast,,,
Localized Tumor,ICD-10-CM,ICD10CM,,C50.921,C50921,Malignant neoplasm of unspecified site of right male breast,,,
Localized Tumor,ICD-10-CM,ICD10CM,,C50.922,C50922,Malignant neoplasm of unspecified site of left male breast,,,
Localized Tumor,ICD-10-CM,ICD10CM,,C50.929,C50929,Malignant neoplasm of unsp site of unspecified male breast,,,
Localized Tumor,ICD-10-CM,ICD10CM,,C50.A0,C50A0,Malignant inflammatory neoplasm of unspecified breast,,,
Localized Tumor,ICD-10-CM,ICD10CM,,C50.A1,C50A1,Malignant inflammatory neoplasm of right breast,,,
Localized Tumor,ICD-10-CM,ICD10CM,,C50.A2,C50A2,Malignant inflammatory neoplasm of left breast,,,
Localized Tumor,ICD-10-CM,ICD10CM,,C51.0,C510,Malignant neoplasm of labium majus,,,
Localized Tumor,ICD-10-CM,ICD10CM,,C51.1,C511,Malignant neoplasm of labium minus,,,
Localized Tumor,ICD-10-CM,ICD10CM,,C51.2,C512,Malignant neoplasm of clitoris,,,
Localized Tumor,ICD-10-CM,ICD10CM,,C51.8,C518,Malignant neoplasm of overlapping sites of vulva,,,
Localized Tumor,ICD-10-CM,ICD10CM,,C51.9,C519,Malignant neoplasm of vulva,,,
Localized Tumor,ICD-10-CM,ICD10CM,,C52,C52,Malignant neoplasm of vagina,,,
Localized Tumor,ICD-10-CM,ICD10CM,,C53.0,C530,Malignant neoplasm of endocervix,,,
Localized Tumor,ICD-10-CM,ICD10CM,,C53.1,C531,Malignant neoplasm of exocervix,,,
Localized Tumor,ICD-10-CM,ICD10CM,,C53.8,C538,Malignant neoplasm of overlapping sites of cervix uteri,,,
Localized Tumor,ICD-10-CM,ICD10CM,,C53.9,C539,Malignant neoplasm of cervix uteri,,,
Localized Tumor,ICD-10-CM,ICD10CM,,C54.0,C540,Malignant neoplasm of isthmus uteri,,,
Localized Tumor,ICD-10-CM,ICD10CM,,C54.1,C541,Malignant neoplasm of endometrium,,,
Localized Tumor,ICD-10-CM,ICD10CM,,C54.2,C542,Malignant neoplasm of myometrium,,,
Localized Tumor,ICD-10-CM,ICD10CM,,C54.3,C543,Malignant neoplasm of fundus uteri,,,
Localized Tumor,ICD-10-CM,ICD10CM,,C54.8,C548,Malignant neoplasm of overlapping sites of corpus uteri,,,
Localized Tumor,ICD-10-CM,ICD10CM,,C54.9,C549,Malignant neoplasm of corpus uteri,,,
Localized Tumor,ICD-10-CM,ICD10CM,,C55,C55,Malignant neoplasm of uterus,,,
Localized Tumor,ICD-10-CM,ICD10CM,,C56.1,C561,Malignant neoplasm of right ovary,,,
Localized Tumor,ICD-10-CM,ICD10CM,,C56.2,C562,Malignant neoplasm of left ovary,,,
Localized Tumor,ICD-10-CM,ICD10CM,,C56.3,C563,Malignant neoplasm of bilateral ovaries,,,
Localized Tumor,ICD-10-CM,ICD10CM,,C56.9,C569,Malignant neoplasm of unspecified ovary,,,
Localized Tumor,ICD-10-CM,ICD10CM,,C57.00,C5700,Malignant neoplasm of unspecified fallopian tube,,,
Localized Tumor,ICD-10-CM,ICD10CM,,C57.01,C5701,Malignant neoplasm of right fallopian tube,,,
Localized Tumor,ICD-10-CM,ICD10CM,,C57.02,C5702,Malignant neoplasm of left fallopian tube,,,
Localized Tumor,ICD-10-CM,ICD10CM,,C57.10,C5710,Malignant neoplasm of unspecified broad ligament,,,
Localized Tumor,ICD-10-CM,ICD10CM,,C57.11,C5711,Malignant neoplasm of right broad ligament,,,
Localized Tumor,ICD-10-CM,ICD10CM,,C57.12,C5712,Malignant neoplasm of left broad ligament,,,
Localized Tumor,ICD-10-CM,ICD10CM,,C57.20,C5720,Malignant neoplasm of unspecified round ligament,,,
Localized Tumor,ICD-10-CM,ICD10CM,,C57.21,C5721,Malignant neoplasm of right round ligament,,,
Localized Tumor,ICD-10-CM,ICD10CM,,C57.22,C5722,Malignant neoplasm of left round ligament,,,
Localized Tumor,ICD-10-CM,ICD10CM,,C57.3,C573,Malignant neoplasm of parametrium,,,
Localized Tumor,ICD-10-CM,ICD10CM,,C57.4,C574,Malignant neoplasm of uterine adnexa,,,
Localized Tumor,ICD-10-CM,ICD10CM,,C57.7,C577,Malignant neoplasm of other specified female genital organs,,,
Localized Tumor,ICD-10-CM,ICD10CM,,C57.8,C578,Malignant neoplasm of ovrlp sites of female genital organs,,,
Localized Tumor,ICD-10-CM,ICD10CM,,C57.9,C579,Malignant neoplasm of female genital organ,,,
Localized Tumor,ICD-10-CM,ICD10CM,,C58,C58,Malignant neoplasm of placenta,,,
Localized Tumor,ICD-10-CM,ICD10CM,,C60.0,C600,Malignant neoplasm of prepuce,,,
Localized Tumor,ICD-10-CM,ICD10CM,,C60.1,C601,Malignant neoplasm of glans penis,,,
Localized Tumor,ICD-10-CM,ICD10CM,,C60.2,C602,Malignant neoplasm of body of penis,,,
Localized Tumor,ICD-10-CM,ICD10CM,,C60.8,C608,Malignant neoplasm of overlapping sites of penis,,,
Localized Tumor,ICD-10-CM,ICD10CM,,C60.9,C609,Malignant neoplasm of penis,,,
Localized Tumor,ICD-10-CM,ICD10CM,,C61,C61,Malignant neoplasm of prostate,,,
Localized Tumor,ICD-10-CM,ICD10CM,,C62.00,C6200,Malignant neoplasm of unspecified undescended testis,,,
Localized Tumor,ICD-10-CM,ICD10CM,,C62.01,C6201,Malignant neoplasm of undescended right testis,,,
Localized Tumor,ICD-10-CM,ICD10CM,,C62.02,C6202,Malignant neoplasm of undescended left testis,,,
Localized Tumor,ICD-10-CM,ICD10CM,,C62.10,C6210,Malignant neoplasm of unspecified descended testis,,,
Localized Tumor,ICD-10-CM,ICD10CM,,C62.11,C6211,Malignant neoplasm of descended right testis,,,
Localized Tumor,ICD-10-CM,ICD10CM,,C62.12,C6212,Malignant neoplasm of descended left testis,,,
Localized Tumor,ICD-10-CM,ICD10CM,,C62.90,C6290,Malig neoplasm of unsp testis,,,
Localized Tumor,ICD-10-CM,ICD10CM,,C62.91,C6291,Malig neoplm of right testis,,,
Localized Tumor,ICD-10-CM,ICD10CM,,C62.92,C6292,Malig neoplasm of left testis,,,
Localized Tumor,ICD-10-CM,ICD10CM,,C63.00,C6300,Malignant neoplasm of unspecified epididymis,,,
Localized Tumor,ICD-10-CM,ICD10CM,,C63.01,C6301,Malignant neoplasm of right epididymis,,,
Localized Tumor,ICD-10-CM,ICD10CM,,C63.02,C6302,Malignant neoplasm of left epididymis,,,
Localized Tumor,ICD-10-CM,ICD10CM,,C63.10,C6310,Malignant neoplasm of unspecified spermatic cord,,,
Localized Tumor,ICD-10-CM,ICD10CM,,C63.11,C6311,Malignant neoplasm of right spermatic cord,,,
Localized Tumor,ICD-10-CM,ICD10CM,,C63.12,C6312,Malignant neoplasm of left spermatic cord,,,
Localized Tumor,ICD-10-CM,ICD10CM,,C63.2,C632,Malignant neoplasm of scrotum,,,
Localized Tumor,ICD-10-CM,ICD10CM,,C63.7,C637,Malignant neoplasm of other specified male genital organs,,,
Localized Tumor,ICD-10-CM,ICD10CM,,C63.8,C638,Malignant neoplasm of ovrlp sites of male genital organs,,,
Localized Tumor,ICD-10-CM,ICD10CM,,C63.9,C639,Malignant neoplasm of male genital organ,,,
Localized Tumor,ICD-10-CM,ICD10CM,,C64.1,C641,Malignant neoplasm of right kidney,,,
Localized Tumor,ICD-10-CM,ICD10CM,,C64.2,C642,Malignant neoplasm of left kidney,,,
Localized Tumor,ICD-10-CM,ICD10CM,,C64.9,C649,Malignant neoplasm of unsp kidney,,,
Localized Tumor,ICD-10-CM,ICD10CM,,C65.1,C651,Malignant neoplasm of right renal pelvis,,,
Localized Tumor,ICD-10-CM,ICD10CM,,C65.2,C652,Malignant neoplasm of left renal pelvis,,,
Localized Tumor,ICD-10-CM,ICD10CM,,C65.9,C659,Malignant neoplasm of unspecified renal pelvis,,,
Localized Tumor,ICD-10-CM,ICD10CM,,C66.1,C661,Malignant neoplasm of right ureter,,,
Localized Tumor,ICD-10-CM,ICD10CM,,C66.2,C662,Malignant neoplasm of left ureter,,,
Localized Tumor,ICD-10-CM,ICD10CM,,C66.9,C669,Malignant neoplasm of unspecified ureter,,,
Localized Tumor,ICD-10-CM,ICD10CM,,C67.0,C670,Malignant neoplasm of trigone of bladder,,,
Localized Tumor,ICD-10-CM,ICD10CM,,C67.1,C671,Malignant neoplasm of dome of bladder,,,
Localized Tumor,ICD-10-CM,ICD10CM,,C67.2,C672,Malignant neoplasm of lateral wall of bladder,,,
Localized Tumor,ICD-10-CM,ICD10CM,,C67.3,C673,Malignant neoplasm of anterior wall of bladder,,,
Localized Tumor,ICD-10-CM,ICD10CM,,C67.4,C674,Malignant neoplasm of posterior wall of bladder,,,
Localized Tumor,ICD-10-CM,ICD10CM,,C67.5,C675,Malignant neoplasm of bladder neck,,,
Localized Tumor,ICD-10-CM,ICD10CM,,C67.6,C676,Malignant neoplasm of ureteric orifice,,,
Localized Tumor,ICD-10-CM,ICD10CM,,C67.7,C677,Malignant neoplasm of urachus,,,
Localized Tumor,ICD-10-CM,ICD10CM,,C67.8,C678,Malignant neoplasm of overlapping sites of bladder,,,
Localized Tumor,ICD-10-CM,ICD10CM,,C67.9,C679,Malignant neoplasm of bladder,,,
Localized Tumor,ICD-10-CM,ICD10CM,,C68.0,C680,Malignant neoplasm of urethra,,,
Localized Tumor,ICD-10-CM,ICD10CM,,C68.1,C681,Malignant neoplasm of paraurethral glands,,,
Localized Tumor,ICD-10-CM,ICD10CM,,C68.8,C688,Malignant neoplasm of overlapping sites of urinary organs,,,
Localized Tumor,ICD-10-CM,ICD10CM,,C68.9,C689,Malignant neoplasm of urinary organ,,,
Localized Tumor,ICD-10-CM,ICD10CM,,C69.00,C6900,Malignant neoplasm of unspecified conjunctiva,,,
Localized Tumor,ICD-10-CM,ICD10CM,,C69.01,C6901,Malignant neoplasm of right conjunctiva,,,
Localized Tumor,ICD-10-CM,ICD10CM,,C69.02,C6902,Malignant neoplasm of left conjunctiva,,,
Localized Tumor,ICD-10-CM,ICD10CM,,C69.10,C6910,Malignant neoplasm of unspecified cornea,,,
Localized Tumor,ICD-10-CM,ICD10CM,,C69.11,C6911,Malignant neoplasm of right cornea,,,
Localized Tumor,ICD-10-CM,ICD10CM,,C69.12,C6912,Malignant neoplasm of left cornea,,,
Localized Tumor,ICD-10-CM,ICD10CM,,C69.20,C6920,Malignant neoplasm of unspecified retina,,,
Localized Tumor,ICD-10-CM,ICD10CM,,C69.21,C6921,Malignant neoplasm of right retina,,,
Localized Tumor,ICD-10-CM,ICD10CM,,C69.22,C6922,Malignant neoplasm of left retina,,,
Localized Tumor,ICD-10-CM,ICD10CM,,C69.30,C6930,Malignant neoplasm of unspecified choroid,,,
Localized Tumor,ICD-10-CM,ICD10CM,,C69.31,C6931,Malignant neoplasm of right choroid,,,
Localized Tumor,ICD-10-CM,ICD10CM,,C69.32,C6932,Malignant neoplasm of left choroid,,,
Localized Tumor,ICD-10-CM,ICD10CM,,C69.40,C6940,Malignant neoplasm of unspecified ciliary body,,,
Localized Tumor,ICD-10-CM,ICD10CM,,C69.41,C6941,Malignant neoplasm of right ciliary body,,,
Localized Tumor,ICD-10-CM,ICD10CM,,C69.42,C6942,Malignant neoplasm of left ciliary body,,,
Localized Tumor,ICD-10-CM,ICD10CM,,C69.50,C6950,Malignant neoplasm of unspecified lacrimal gland and duct,,,
Localized Tumor,ICD-10-CM,ICD10CM,,C69.51,C6951,Malignant neoplasm of right lacrimal gland and duct,,,
Localized Tumor,ICD-10-CM,ICD10CM,,C69.52,C6952,Malignant neoplasm of left lacrimal gland and duct,,,
Localized Tumor,ICD-10-CM,ICD10CM,,C69.60,C6960,Malignant neoplasm of unspecified orbit,,,
Localized Tumor,ICD-10-CM,ICD10CM,,C69.61,C6961,Malignant neoplasm of right orbit,,,
Localized Tumor,ICD-10-CM,ICD10CM,,C69.62,C6962,Malignant neoplasm of left orbit,,,
Localized Tumor,ICD-10-CM,ICD10CM,,C69.80,C6980,Malignant neoplasm of ovrlp sites of unsp eye and adnexa,,,
Localized Tumor,ICD-10-CM,ICD10CM,,C69.81,C6981,Malignant neoplasm of ovrlp sites of right eye and adnexa,,,
Localized Tumor,ICD-10-CM,ICD10CM,,C69.82,C6982,Malignant neoplasm of ovrlp sites of left eye and adnexa,,,
Localized Tumor,ICD-10-CM,ICD10CM,,C69.90,C6990,Malignant neoplasm of unspecified site of unspecified eye,,,
Localized Tumor,ICD-10-CM,ICD10CM,,C69.91,C6991,Malignant neoplasm of unspecified site of right eye,,,
Localized Tumor,ICD-10-CM,ICD10CM,,C69.92,C6992,Malignant neoplasm of unspecified site of left eye,,,
Localized Tumor,ICD-10-CM,ICD10CM,,C70.0,C700,Malignant neoplasm of cerebral meninges,,,
Localized Tumor,ICD-10-CM,ICD10CM,,C70.1,C701,Malignant neoplasm of spinal meninges,,,
Localized Tumor,ICD-10-CM,ICD10CM,,C70.9,C709,Malignant neoplasm of meninges,,,
Localized Tumor,ICD-10-CM,ICD10CM,,C71.0,C710,Malignant neoplasm of cerebrum,,,
Localized Tumor,ICD-10-CM,ICD10CM,,C71.1,C711,Malignant neoplasm of frontal lobe,,,
Localized Tumor,ICD-10-CM,ICD10CM,,C71.2,C712,Malignant neoplasm of temporal lobe,,,
Localized Tumor,ICD-10-CM,ICD10CM,,C71.3,C713,Malignant neoplasm of parietal lobe,,,
Localized Tumor,ICD-10-CM,ICD10CM,,C71.4,C714,Malignant neoplasm of occipital lobe,,,
Localized Tumor,ICD-10-CM,ICD10CM,,C71.5,C715,Malignant neoplasm of cerebral ventricle,,,
Localized Tumor,ICD-10-CM,ICD10CM,,C71.6,C716,Malignant neoplasm of cerebellum,,,
Localized Tumor,ICD-10-CM,ICD10CM,,C71.7,C717,Malignant neoplasm of brain stem,,,
Localized Tumor,ICD-10-CM,ICD10CM,,C71.8,C718,Malignant neoplasm of overlapping sites of brain,,,
Localized Tumor,ICD-10-CM,ICD10CM,,C71.9,C719,Malignant neoplasm of brain,,,
Localized Tumor,ICD-10-CM,ICD10CM,,C72.0,C720,Malignant neoplasm of spinal cord,,,
Localized Tumor,ICD-10-CM,ICD10CM,,C72.1,C721,Malignant neoplasm of cauda equina,,,
Localized Tumor,ICD-10-CM,ICD10CM,,C72.20,C7220,Malignant neoplasm of unspecified olfactory nerve,,,
Localized Tumor,ICD-10-CM,ICD10CM,,C72.21,C7221,Malignant neoplasm of right olfactory nerve,,,
Localized Tumor,ICD-10-CM,ICD10CM,,C72.22,C7222,Malignant neoplasm of left olfactory nerve,,,
Localized Tumor,ICD-10-CM,ICD10CM,,C72.30,C7230,Malignant neoplasm of unspecified optic nerve,,,
Localized Tumor,ICD-10-CM,ICD10CM,,C72.31,C7231,Malignant neoplasm of right optic nerve,,,
Localized Tumor,ICD-10-CM,ICD10CM,,C72.32,C7232,Malignant neoplasm of left optic nerve,,,
Localized Tumor,ICD-10-CM,ICD10CM,,C72.40,C7240,Malignant neoplasm of unspecified acoustic nerve,,,
Localized Tumor,ICD-10-CM,ICD10CM,,C72.41,C7241,Malignant neoplasm of right acoustic nerve,,,
Localized Tumor,ICD-10-CM,ICD10CM,,C72.42,C7242,Malignant neoplasm of left acoustic nerve,,,
Localized Tumor,ICD-10-CM,ICD10CM,,C72.50,C7250,Malignant neoplasm of unspecified cranial nerve,,,
Localized Tumor,ICD-10-CM,ICD10CM,,C72.59,C7259,Malignant neoplasm of other cranial nerves,,,
Localized Tumor,ICD-10-CM,ICD10CM,,C72.9,C729,Malignant neoplasm of central nervous system,,,
Localized Tumor,ICD-10-CM,ICD10CM,,C73,C73,Malignant neoplasm of thyroid gland,,,
Localized Tumor,ICD-10-CM,ICD10CM,,C74.00,C7400,Malignant neoplasm of cortex of unspecified adrenal gland,,,
Localized Tumor,ICD-10-CM,ICD10CM,,C74.01,C7401,Malignant neoplasm of cortex of right adrenal gland,,,
Localized Tumor,ICD-10-CM,ICD10CM,,C74.02,C7402,Malignant neoplasm of cortex of left adrenal gland,,,
Localized Tumor,ICD-10-CM,ICD10CM,,C74.10,C7410,Malignant neoplasm of medulla of unspecified adrenal gland,,,
Localized Tumor,ICD-10-CM,ICD10CM,,C74.11,C7411,Malignant neoplasm of medulla of right adrenal gland,,,
Localized Tumor,ICD-10-CM,ICD10CM,,C74.12,C7412,Malignant neoplasm of medulla of left adrenal gland,,,
Localized Tumor,ICD-10-CM,ICD10CM,,C74.90,C7490,Malignant neoplasm of unsp part of unspecified adrenal gland,,,
Localized Tumor,ICD-10-CM,ICD10CM,,C74.91,C7491,Malignant neoplasm of unsp part of right adrenal gland,,,
Localized Tumor,ICD-10-CM,ICD10CM,,C74.92,C7492,Malignant neoplasm of unspecified part of left adrenal gland,,,
Localized Tumor,ICD-10-CM,ICD10CM,,C75.0,C750,Malignant neoplasm of parathyroid gland,,,
Localized Tumor,ICD-10-CM,ICD10CM,,C75.1,C751,Malignant neoplasm of pituitary gland,,,
Localized Tumor,ICD-10-CM,ICD10CM,,C75.2,C752,Malignant neoplasm of craniopharyngeal duct,,,
Localized Tumor,ICD-10-CM,ICD10CM,,C75.3,C753,Malignant neoplasm of pineal gland,,,
Localized Tumor,ICD-10-CM,ICD10CM,,C75.4,C754,Malignant neoplasm of carotid body,,,
Localized Tumor,ICD-10-CM,ICD10CM,,C75.5,C755,Malignant neoplasm of aortic body and other paraganglia,,,
Localized Tumor,ICD-10-CM,ICD10CM,,C75.8,C758,Malignant neoplasm with pluriglandular involvement,,,
Localized Tumor,ICD-10-CM,ICD10CM,,C75.9,C759,Malignant neoplasm of endocrine gland,,,
Localized Tumor,ICD-10-CM,ICD10CM,,C76.0,C760,Malignant neoplasm of head,,,
Localized Tumor,ICD-10-CM,ICD10CM,,C76.1,C761,Malignant neoplasm of thorax,,,
Localized Tumor,ICD-10-CM,ICD10CM,,C76.2,C762,Malignant neoplasm of abdomen,,,
Localized Tumor,ICD-10-CM,ICD10CM,,C76.3,C763,Malignant neoplasm of pelvis,,,
Localized Tumor,ICD-10-CM,ICD10CM,,C76.40,C7640,Malignant neoplasm of unspecified upper limb,,,
Localized Tumor,ICD-10-CM,ICD10CM,,C76.41,C7641,Malignant neoplasm of right upper limb,,,
Localized Tumor,ICD-10-CM,ICD10CM,,C76.42,C7642,Malignant neoplasm of left upper limb,,,
Localized Tumor,ICD-10-CM,ICD10CM,,C76.50,C7650,Malignant neoplasm of unspecified lower limb,,,
Localized Tumor,ICD-10-CM,ICD10CM,,C76.51,C7651,Malignant neoplasm of right lower limb,,,
Localized Tumor,ICD-10-CM,ICD10CM,,C76.52,C7652,Malignant neoplasm of left lower limb,,,
Localized Tumor,ICD-10-CM,ICD10CM,,C76.8,C768,Malignant neoplasm of other specified ill-defined sites,,,
Localized Tumor,ICD-10-CM,ICD10CM,,C81.00,C8100,Nodular lymphocyte predominant Hodgkin lymphoma,,,
Localized Tumor,ICD-10-CM,ICD10CM,,C81.01,C8101,Nodlr lymphocy predom Hdgkn lymph,,,
Localized Tumor,ICD-10-CM,ICD10CM,,C81.02,C8102,Nodular lymphocy predom Hodgkin lymphoma,,,
Localized Tumor,ICD-10-CM,ICD10CM,,C81.03,C8103,Nodular lymphocyte predom Hodgkin lymphoma,,,
Localized Tumor,ICD-10-CM,ICD10CM,,C81.04,C8104,Nodlr lymphocy predom Hdgkn lymph,,,
Localized Tumor,ICD-10-CM,ICD10CM,,C81.05,C8105,Nodlr lymphocy predom Hdgkn lymph,,,
Localized Tumor,ICD-10-CM,ICD10CM,,C81.06,C8106,Nodular lymphocyte predom Hodgkin lymphoma,,,
Localized Tumor,ICD-10-CM,ICD10CM,,C81.07,C8107,Nodular lymphocyte predominant Hodgkin lymphoma,,,
Localized Tumor,ICD-10-CM,ICD10CM,,C81.08,C8108,Nodular lymphocyte predom Hodgkin lymphoma,,,
Localized Tumor,ICD-10-CM,ICD10CM,,C81.09,C8109,Nodlr lymphocy predom Hdgkn lymph,,,
Localized Tumor,ICD-10-CM,ICD10CM,,C81.0A,C810A,Nodular lymphocyte predom Hodgkin lymphoma,,,
Localized Tumor,ICD-10-CM,ICD10CM,,C81.10,C8110,Nodular sclerosis Hodgkin lymphoma,,,
Localized Tumor,ICD-10-CM,ICD10CM,,C81.11,C8111,Nodlr scler Hdgkn lymph,,,
Localized Tumor,ICD-10-CM,ICD10CM,,C81.12,C8112,Nodular sclerosis Hodgkin lymphoma,,,
Localized Tumor,ICD-10-CM,ICD10CM,,C81.13,C8113,Nodular sclerosis Hodgkin lymphoma,,,
Localized Tumor,ICD-10-CM,ICD10CM,,C81.14,C8114,Nodlr scler Hdgkn lymph,,,
Localized Tumor,ICD-10-CM,ICD10CM,,C81.15,C8115,Nodlr scler Hdgkn lymph,,,
Localized Tumor,ICD-10-CM,ICD10CM,,C81.16,C8116,Nodular sclerosis Hodgkin lymphoma,,,
Localized Tumor,ICD-10-CM,ICD10CM,,C81.17,C8117,Nodular sclerosis Hodgkin lymphoma,,,
Localized Tumor,ICD-10-CM,ICD10CM,,C81.18,C8118,Nodular sclerosis Hodgkin lymphoma,,,
Localized Tumor,ICD-10-CM,ICD10CM,,C81.19,C8119,Nodlr scler Hdgkn lymph,,,
Localized Tumor,ICD-10-CM,ICD10CM,,C81.1A,C811A,Nodular sclerosis Hodgkin lymphoma,,,
Localized Tumor,ICD-10-CM,ICD10CM,,C81.20,C8120,Mixed cellularity Hodgkin lymphoma,,,
Localized Tumor,ICD-10-CM,ICD10CM,,C81.21,C8121,Mix cellular Hdgkn lymph,,,
Localized Tumor,ICD-10-CM,ICD10CM,,C81.22,C8122,Mixed cellular Hodgkin lymphoma,,,
Localized Tumor,ICD-10-CM,ICD10CM,,C81.23,C8123,Mixed cellular Hodgkin lymphoma,,,
Localized Tumor,ICD-10-CM,ICD10CM,,C81.24,C8124,Mix cellular Hdgkn lymph,,,
Localized Tumor,ICD-10-CM,ICD10CM,,C81.25,C8125,Mix cellular Hdgkn lymph,,,
Localized Tumor,ICD-10-CM,ICD10CM,,C81.26,C8126,Mixed cellular Hodgkin lymphoma,,,
Localized Tumor,ICD-10-CM,ICD10CM,,C81.27,C8127,Mixed cellularity Hodgkin lymphoma,,,
Localized Tumor,ICD-10-CM,ICD10CM,,C81.28,C8128,Mixed cellular Hodgkin lymphoma,,,
Localized Tumor,ICD-10-CM,ICD10CM,,C81.29,C8129,Mix cellular Hdgkn lymph,,,
Localized Tumor,ICD-10-CM,ICD10CM,,C81.2A,C812A,Mixed cellularity Hodgkin lymphoma,,,
Localized Tumor,ICD-10-CM,ICD10CM,,C81.30,C8130,Lymphocyte depleted Hodgkin lymphoma,,,
Localized Tumor,ICD-10-CM,ICD10CM,,C81.31,C8131,Lymphocy deplet Hdgkn lymph,,,
Localized Tumor,ICD-10-CM,ICD10CM,,C81.32,C8132,Lymphocy depleted Hodgkin lymphoma,,,
Localized Tumor,ICD-10-CM,ICD10CM,,C81.33,C8133,Lymphocy depleted Hodgkin lymphoma,,,
Localized Tumor,ICD-10-CM,ICD10CM,,C81.34,C8134,Lymphocy deplet Hdgkn lymph,,,
Localized Tumor,ICD-10-CM,ICD10CM,,C81.35,C8135,Lymphocy deplet Hdgkn lymph,,,
Localized Tumor,ICD-10-CM,ICD10CM,,C81.36,C8136,Lymphocy depleted Hodgkin lymphoma,,,
Localized Tumor,ICD-10-CM,ICD10CM,,C81.37,C8137,Lymphocyte depleted Hodgkin lymphoma,,,
Localized Tumor,ICD-10-CM,ICD10CM,,C81.38,C8138,Lymphocy depleted Hodgkin lymphoma,,,
Localized Tumor,ICD-10-CM,ICD10CM,,C81.39,C8139,Lymphocy deplet Hdgkn lymph,,,
Localized Tumor,ICD-10-CM,ICD10CM,,C81.3A,C813A,Lymphocyte depleted Hodgkin lymphoma,,,
Localized Tumor,ICD-10-CM,ICD10CM,,C81.40,C8140,Lymphocyte-rich Hodgkin lymphoma,,,
Localized Tumor,ICD-10-CM,ICD10CM,,C81.41,C8141,Lymp-rich Hodgkin lymph,,,
Localized Tumor,ICD-10-CM,ICD10CM,,C81.42,C8142,Lymp-rich Hodgkin lymphoma,,,
Localized Tumor,ICD-10-CM,ICD10CM,,C81.43,C8143,Lymp-rich Hodgkin lymphoma,,,
Localized Tumor,ICD-10-CM,ICD10CM,,C81.44,C8144,Lymp-rich Hdgkn lymph,,,
Localized Tumor,ICD-10-CM,ICD10CM,,C81.45,C8145,Lymp-rich Hdgkn lymph,,,
Localized Tumor,ICD-10-CM,ICD10CM,,C81.46,C8146,Lymp-rich Hodgkin lymphoma,,,
Localized Tumor,ICD-10-CM,ICD10CM,,C81.47,C8147,Lymphocyte-rich Hodgkin lymphoma,,,
Localized Tumor,ICD-10-CM,ICD10CM,,C81.48,C8148,Lymp-rich Hodgkin lymphoma,,,
Localized Tumor,ICD-10-CM,ICD10CM,,C81.49,C8149,Lymp-rich Hodgkin lymph,,,
Localized Tumor,ICD-10-CM,ICD10CM,,C81.4A,C814A,Lymphocyte-rich Hodgkin lymphoma,,,
Localized Tumor,ICD-10-CM,ICD10CM,,C81.70,C8170,Other Hodgkin lymphoma,,,
Localized Tumor,ICD-10-CM,ICD10CM,,C81.71,C8171,Oth Hodgkin lymphoma,,,
Localized Tumor,ICD-10-CM,ICD10CM,,C81.72,C8172,Other Hodgkin lymphoma,,,
Localized Tumor,ICD-10-CM,ICD10CM,,C81.73,C8173,Oth Hodgkin lymphoma,,,
Localized Tumor,ICD-10-CM,ICD10CM,,C81.74,C8174,Oth Hodgkin lymphoma,,,
Localized Tumor,ICD-10-CM,ICD10CM,,C81.75,C8175,Oth Hodgkin lymph,,,
Localized Tumor,ICD-10-CM,ICD10CM,,C81.76,C8176,Other Hodgkin lymphoma,,,
Localized Tumor,ICD-10-CM,ICD10CM,,C81.77,C8177,Other Hodgkin lymphoma,,,
Localized Tumor,ICD-10-CM,ICD10CM,,C81.78,C8178,Oth Hodgkin lymphoma,,,
Localized Tumor,ICD-10-CM,ICD10CM,,C81.79,C8179,Oth Hodgkin lymphoma,,,
Localized Tumor,ICD-10-CM,ICD10CM,,C81.7A,C817A,Other Hodgkin lymphoma,,,
Localized Tumor,ICD-10-CM,ICD10CM,,C81.90,C8190,Hodgkin lymphoma,,,
Localized Tumor,ICD-10-CM,ICD10CM,,C81.91,C8191,Hodgkin lymphoma,,,
Localized Tumor,ICD-10-CM,ICD10CM,,C81.92,C8192,Hodgkin lymphoma,,,
Localized Tumor,ICD-10-CM,ICD10CM,,C81.93,C8193,Hodgkin lymphoma,,,
Localized Tumor,ICD-10-CM,ICD10CM,,C81.94,C8194,Hodgkin lymphoma,,,
Localized Tumor,ICD-10-CM,ICD10CM,,C81.95,C8195,Hodgkin lymphoma,,,
Localized Tumor,ICD-10-CM,ICD10CM,,C81.96,C8196,Hodgkin lymphoma,,,
Localized Tumor,ICD-10-CM,ICD10CM,,C81.97,C8197,Hodgkin lymphoma,,,
Localized Tumor,ICD-10-CM,ICD10CM,,C81.98,C8198,Hodgkin lymphoma,,,
Localized Tumor,ICD-10-CM,ICD10CM,,C81.99,C8199,Hodgkin lymphoma,,,
Localized Tumor,ICD-10-CM,ICD10CM,,C81.9A,C819A,Hodgkin lymphoma,,,
Localized Tumor,ICD-10-CM,ICD10CM,,C82.00,C8200,Follicular lymphoma grade I,,,
Localized Tumor,ICD-10-CM,ICD10CM,,C82.01,C8201,Follicular lymphoma grade I,,,
Localized Tumor,ICD-10-CM,ICD10CM,,C82.02,C8202,Follicular lymphoma grade I,,,
Localized Tumor,ICD-10-CM,ICD10CM,,C82.03,C8203,Follicular lymphoma grade I,,,
Localized Tumor,ICD-10-CM,ICD10CM,,C82.04,C8204,Follicular lymphoma grade I,,,
Localized Tumor,ICD-10-CM,ICD10CM,,C82.05,C8205,Foliclar lymph grade I,,,
Localized Tumor,ICD-10-CM,ICD10CM,,C82.06,C8206,Follicular lymphoma grade I,,,
Localized Tumor,ICD-10-CM,ICD10CM,,C82.07,C8207,Follicular lymphoma grade I,,,
Localized Tumor,ICD-10-CM,ICD10CM,,C82.08,C8208,Follicular lymphoma grade I,,,
Localized Tumor,ICD-10-CM,ICD10CM,,C82.09,C8209,Follicular lymphoma grade I,,,
Localized Tumor,ICD-10-CM,ICD10CM,,C82.0A,C820A,Follicular lymphoma grade I,,,
Localized Tumor,ICD-10-CM,ICD10CM,,C82.10,C8210,Follicular lymphoma grade II,,,
Localized Tumor,ICD-10-CM,ICD10CM,,C82.11,C8211,Follicular lymphoma grade II,,,
Localized Tumor,ICD-10-CM,ICD10CM,,C82.12,C8212,Follicular lymphoma grade II,,,
Localized Tumor,ICD-10-CM,ICD10CM,,C82.13,C8213,Follicular lymphoma grade II,,,
Localized Tumor,ICD-10-CM,ICD10CM,,C82.14,C8214,Follicular lymphoma grade II,,,
Localized Tumor,ICD-10-CM,ICD10CM,,C82.15,C8215,Foliclar lymph grade II,,,
Localized Tumor,ICD-10-CM,ICD10CM,,C82.16,C8216,Follicular lymphoma grade II,,,
Localized Tumor,ICD-10-CM,ICD10CM,,C82.17,C8217,Follicular lymphoma grade II,,,
Localized Tumor,ICD-10-CM,ICD10CM,,C82.18,C8218,Follicular lymphoma grade II,,,
Localized Tumor,ICD-10-CM,ICD10CM,,C82.19,C8219,Follicular lymphoma grade II,,,
Localized Tumor,ICD-10-CM,ICD10CM,,C82.1A,C821A,Follicular lymphoma grade II,,,
Localized Tumor,ICD-10-CM,ICD10CM,,C82.20,C8220,Follicular lymphoma grade III,,,
Localized Tumor,ICD-10-CM,ICD10CM,,C82.21,C8221,Foliclar lymph grade III,,,
Localized Tumor,ICD-10-CM,ICD10CM,,C82.22,C8222,Follicular lymphoma grade III,,,
Localized Tumor,ICD-10-CM,ICD10CM,,C82.23,C8223,Follicular lymphoma grade III,,,
Localized Tumor,ICD-10-CM,ICD10CM,,C82.24,C8224,Foliclar lymph grade III,,,
Localized Tumor,ICD-10-CM,ICD10CM,,C82.25,C8225,Foliclar lymph grade III,,,
Localized Tumor,ICD-10-CM,ICD10CM,,C82.26,C8226,Follicular lymphoma grade III,,,
Localized Tumor,ICD-10-CM,ICD10CM,,C82.27,C8227,Follicular lymphoma grade III,,,
Localized Tumor,ICD-10-CM,ICD10CM,,C82.28,C8228,Follicular lymphoma grade III,,,
Localized Tumor,ICD-10-CM,ICD10CM,,C82.29,C8229,Foliclar lymph grade III,,,
Localized Tumor,ICD-10-CM,ICD10CM,,C82.2A,C822A,Follicular lymphoma grade III,,,
Localized Tumor,ICD-10-CM,ICD10CM,,C82.30,C8230,Follicular lymphoma grade IIIa,,,
Localized Tumor,ICD-10-CM,ICD10CM,,C82.31,C8231,Foliclar lymphoma grade IIIa,,,
Localized Tumor,ICD-10-CM,ICD10CM,,C82.32,C8232,Follicular lymphoma grade IIIa,,,
Localized Tumor,ICD-10-CM,ICD10CM,,C82.33,C8233,Follicular lymphoma grade IIIa,,,
Localized Tumor,ICD-10-CM,ICD10CM,,C82.34,C8234,Foliclar lymphoma grade IIIa,,,
Localized Tumor,ICD-10-CM,ICD10CM,,C82.35,C8235,Foliclar lymph grade IIIa,,,
Localized Tumor,ICD-10-CM,ICD10CM,,C82.36,C8236,Follicular lymphoma grade IIIa,,,
Localized Tumor,ICD-10-CM,ICD10CM,,C82.37,C8237,Follicular lymphoma grade IIIa,,,
Localized Tumor,ICD-10-CM,ICD10CM,,C82.38,C8238,Follicular lymphoma grade IIIa,,,
Localized Tumor,ICD-10-CM,ICD10CM,,C82.39,C8239,Foliclar lymphoma grade IIIa,,,
Localized Tumor,ICD-10-CM,ICD10CM,,C82.3A,C823A,Follicular lymphoma grade IIIa,,,
Localized Tumor,ICD-10-CM,ICD10CM,,C82.40,C8240,Follicular lymphoma grade IIIb,,,
Localized Tumor,ICD-10-CM,ICD10CM,,C82.41,C8241,Foliclar lymphoma grade IIIb,,,
Localized Tumor,ICD-10-CM,ICD10CM,,C82.42,C8242,Follicular lymphoma grade IIIb,,,
Localized Tumor,ICD-10-CM,ICD10CM,,C82.43,C8243,Follicular lymphoma grade IIIb,,,
Localized Tumor,ICD-10-CM,ICD10CM,,C82.44,C8244,Foliclar lymphoma grade IIIb,,,
Localized Tumor,ICD-10-CM,ICD10CM,,C82.45,C8245,Foliclar lymph grade IIIb,,,
Localized Tumor,ICD-10-CM,ICD10CM,,C82.46,C8246,Follicular lymphoma grade IIIb,,,
Localized Tumor,ICD-10-CM,ICD10CM,,C82.47,C8247,Follicular lymphoma grade IIIb,,,
Localized Tumor,ICD-10-CM,ICD10CM,,C82.48,C8248,Follicular lymphoma grade IIIb,,,
Localized Tumor,ICD-10-CM,ICD10CM,,C82.49,C8249,Foliclar lymphoma grade IIIb,,,
Localized Tumor,ICD-10-CM,ICD10CM,,C82.4A,C824A,Follicular lymphoma grade IIIb,,,
Localized Tumor,ICD-10-CM,ICD10CM,,C82.50,C8250,Diffuse follicle center lymphoma,,,
Localized Tumor,ICD-10-CM,ICD10CM,,C82.51,C8251,Diffuse folicl center lymph,,,
Localized Tumor,ICD-10-CM,ICD10CM,,C82.52,C8252,Diffuse follicle center lymphoma,,,
Localized Tumor,ICD-10-CM,ICD10CM,,C82.53,C8253,Diffuse follicle center lymphoma,,,
Localized Tumor,ICD-10-CM,ICD10CM,,C82.54,C8254,Diffuse folicl center lymph,,,
Localized Tumor,ICD-10-CM,ICD10CM,,C82.55,C8255,Diffus folicl cntr lymph,,,
Localized Tumor,ICD-10-CM,ICD10CM,,C82.56,C8256,Diffuse follicle center lymphoma,,,
Localized Tumor,ICD-10-CM,ICD10CM,,C82.57,C8257,Diffuse follicle center lymphoma,,,
Localized Tumor,ICD-10-CM,ICD10CM,,C82.58,C8258,Diffuse follicle center lymphoma,,,
Localized Tumor,ICD-10-CM,ICD10CM,,C82.59,C8259,Diffuse folicl center lymph,,,
Localized Tumor,ICD-10-CM,ICD10CM,,C82.5A,C825A,Diffuse follicle center lymphoma,,,
Localized Tumor,ICD-10-CM,ICD10CM,,C82.60,C8260,Cutaneous follicle center lymphoma,,,
Localized Tumor,ICD-10-CM,ICD10CM,,C82.61,C8261,Cutan folicl center lymphoma,,,
Localized Tumor,ICD-10-CM,ICD10CM,,C82.62,C8262,Cutaneous follicle center lymphoma,,,
Localized Tumor,ICD-10-CM,ICD10CM,,C82.63,C8263,Cutaneous follicle center lymphoma,,,
Localized Tumor,ICD-10-CM,ICD10CM,,C82.64,C8264,Cutan folicl center lymphoma,,,
Localized Tumor,ICD-10-CM,ICD10CM,,C82.65,C8265,Cutan folicl cntr lymph,,,
Localized Tumor,ICD-10-CM,ICD10CM,,C82.66,C8266,Cutaneous follicle center lymphoma,,,
Localized Tumor,ICD-10-CM,ICD10CM,,C82.67,C8267,Cutaneous follicle center lymphoma,,,
Localized Tumor,ICD-10-CM,ICD10CM,,C82.68,C8268,Cutaneous follicle center lymphoma,,,
Localized Tumor,ICD-10-CM,ICD10CM,,C82.69,C8269,Cutan folicl center lymphoma,,,
Localized Tumor,ICD-10-CM,ICD10CM,,C82.6A,C826A,Cutaneous follicle center lymphoma,,,
Localized Tumor,ICD-10-CM,ICD10CM,,C82.80,C8280,Other types of follicular lymphoma,,,
Localized Tumor,ICD-10-CM,ICD10CM,,C82.81,C8281,Oth types of foliclar lymph,,,
Localized Tumor,ICD-10-CM,ICD10CM,,C82.82,C8282,Oth types of follicular lymphoma,,,
Localized Tumor,ICD-10-CM,ICD10CM,,C82.83,C8283,Oth types of follicular lymphoma,,,
Localized Tumor,ICD-10-CM,ICD10CM,,C82.84,C8284,Oth types of foliclar lymph,,,
Localized Tumor,ICD-10-CM,ICD10CM,,C82.85,C8285,Oth types of foliclar lymph,,,
Localized Tumor,ICD-10-CM,ICD10CM,,C82.86,C8286,Other types of follicular lymphoma,,,
Localized Tumor,ICD-10-CM,ICD10CM,,C82.87,C8287,Other types of follicular lymphoma,,,
Localized Tumor,ICD-10-CM,ICD10CM,,C82.88,C8288,Oth types of follicular lymphoma,,,
Localized Tumor,ICD-10-CM,ICD10CM,,C82.89,C8289,Oth types of foliclar lymph,,,
Localized Tumor,ICD-10-CM,ICD10CM,,C82.8A,C828A,Other types of follicular lymphoma,,,
Localized Tumor,ICD-10-CM,ICD10CM,,C82.90,C8290,Follicular lymphoma,,,
Localized Tumor,ICD-10-CM,ICD10CM,,C82.91,C8291,Follicular lymphoma,,,
Localized Tumor,ICD-10-CM,ICD10CM,,C82.92,C8292,Follicular lymphoma,,,
Localized Tumor,ICD-10-CM,ICD10CM,,C82.93,C8293,Follicular lymphoma,,,
Localized Tumor,ICD-10-CM,ICD10CM,,C82.94,C8294,Follicular lymphoma,,,
Localized Tumor,ICD-10-CM,ICD10CM,,C82.95,C8295,Foliclar lymphoma,,,
Localized Tumor,ICD-10-CM,ICD10CM,,C82.96,C8296,Follicular lymphoma,,,
Localized Tumor,ICD-10-CM,ICD10CM,,C82.97,C8297,Follicular lymphoma,,,
Localized Tumor,ICD-10-CM,ICD10CM,,C82.98,C8298,Follicular lymphoma,,,
Localized Tumor,ICD-10-CM,ICD10CM,,C82.99,C8299,Follicular lymphoma,,,
Localized Tumor,ICD-10-CM,ICD10CM,,C82.9A,C829A,Follicular lymphoma,,,
Localized Tumor,ICD-10-CM,ICD10CM,,C83.00,C8300,Small cell B-cell lymphoma,,,
Localized Tumor,ICD-10-CM,ICD10CM,,C83.01,C8301,Small cell B-cell lymphoma,,,
Localized Tumor,ICD-10-CM,ICD10CM,,C83.02,C8302,Small cell B-cell lymphoma,,,
Localized Tumor,ICD-10-CM,ICD10CM,,C83.03,C8303,Small cell B-cell lymphoma,,,
Localized Tumor,ICD-10-CM,ICD10CM,,C83.04,C8304,Small cell B-cell lymphoma,,,
Localized Tumor,ICD-10-CM,ICD10CM,,C83.05,C8305,Small cell B-cell lymph,,,
Localized Tumor,ICD-10-CM,ICD10CM,,C83.06,C8306,Small cell B-cell lymphoma,,,
Localized Tumor,ICD-10-CM,ICD10CM,,C83.07,C8307,Small cell B-cell lymphoma,,,
Localized Tumor,ICD-10-CM,ICD10CM,,C83.08,C8308,Small cell B-cell lymphoma,,,
Localized Tumor,ICD-10-CM,ICD10CM,,C83.09,C8309,Small cell B-cell lymphoma,,,
Localized Tumor,ICD-10-CM,ICD10CM,,C83.0A,C830A,Small cell B-cell lymphoma,,,
Localized Tumor,ICD-10-CM,ICD10CM,,C83.10,C8310,Mantle cell lymphoma,,,
Localized Tumor,ICD-10-CM,ICD10CM,,C83.11,C8311,Mantle cell lymphoma,,,
Localized Tumor,ICD-10-CM,ICD10CM,,C83.12,C8312,Mantle cell lymphoma,,,
Localized Tumor,ICD-10-CM,ICD10CM,,C83.13,C8313,Mantle cell lymphoma,,,
Localized Tumor,ICD-10-CM,ICD10CM,,C83.14,C8314,Mantle cell lymphoma,,,
Localized Tumor,ICD-10-CM,ICD10CM,,C83.15,C8315,Mantle cell lymphoma,,,
Localized Tumor,ICD-10-CM,ICD10CM,,C83.16,C8316,Mantle cell lymphoma,,,
Localized Tumor,ICD-10-CM,ICD10CM,,C83.17,C8317,Mantle cell lymphoma,,,
Localized Tumor,ICD-10-CM,ICD10CM,,C83.18,C8318,Mantle cell lymphoma,,,
Localized Tumor,ICD-10-CM,ICD10CM,,C83.19,C8319,Mantle cell lymphoma,,,
Localized Tumor,ICD-10-CM,ICD10CM,,C83.1A,C831A,Mantle cell lymphoma,,,
Localized Tumor,ICD-10-CM,ICD10CM,,C83.30,C8330,Diffuse large B-cell lymphoma,,,
Localized Tumor,ICD-10-CM,ICD10CM,,C83.31,C8331,Diffuse large B-cell lymphoma,,,
Localized Tumor,ICD-10-CM,ICD10CM,,C83.32,C8332,Diffuse large B-cell lymphoma,,,
Localized Tumor,ICD-10-CM,ICD10CM,,C83.33,C8333,Diffuse large B-cell lymphoma,,,
Localized Tumor,ICD-10-CM,ICD10CM,,C83.34,C8334,Diffuse large B-cell lymph,,,
Localized Tumor,ICD-10-CM,ICD10CM,,C83.35,C8335,Diffus large B-cell lymph,,,
Localized Tumor,ICD-10-CM,ICD10CM,,C83.36,C8336,Diffuse large B-cell lymphoma,,,
Localized Tumor,ICD-10-CM,ICD10CM,,C83.37,C8337,Diffuse large B-cell lymphoma,,,
Localized Tumor,ICD-10-CM,ICD10CM,,C83.38,C8338,Diffuse large B-cell lymphoma,,,
Localized Tumor,ICD-10-CM,ICD10CM,,C83.39,C8339,Diffuse large B-cell lymphoma,,,
Localized Tumor,ICD-10-CM,ICD10CM,,C83.390,C83390,Primary central nervous system lymphoma,,,
Localized Tumor,ICD-10-CM,ICD10CM,,C83.398,C83398,Diffuse large B-cell lymph of extrnod and solid organ sites,,,
Localized Tumor,ICD-10-CM,ICD10CM,,C83.3A,C833A,Diffuse large B-cell lymphoma,,,
Localized Tumor,ICD-10-CM,ICD10CM,,C83.50,C8350,Lymphoblastic (diffuse) lymphoma,,,
Localized Tumor,ICD-10-CM,ICD10CM,,C83.51,C8351,Lymphoblastic lymphoma,,,
Localized Tumor,ICD-10-CM,ICD10CM,,C83.52,C8352,Lymphoblastic (diffuse) lymphoma,,,
Localized Tumor,ICD-10-CM,ICD10CM,,C83.53,C8353,Lymphoblastic (diffuse) lymphoma,,,
Localized Tumor,ICD-10-CM,ICD10CM,,C83.54,C8354,Lymphoblastic lymphoma,,,
Localized Tumor,ICD-10-CM,ICD10CM,,C83.55,C8355,Lymphoblastic lymphoma,,,
Localized Tumor,ICD-10-CM,ICD10CM,,C83.56,C8356,Lymphoblastic (diffuse) lymphoma,,,
Localized Tumor,ICD-10-CM,ICD10CM,,C83.57,C8357,Lymphoblastic (diffuse) lymphoma,,,
Localized Tumor,ICD-10-CM,ICD10CM,,C83.58,C8358,Lymphoblastic (diffuse) lymphoma,,,
Localized Tumor,ICD-10-CM,ICD10CM,,C83.59,C8359,Lymphoblastic lymphoma,,,
Localized Tumor,ICD-10-CM,ICD10CM,,C83.5A,C835A,Lymphoblastic (diffuse) lymphoma,,,
Localized Tumor,ICD-10-CM,ICD10CM,,C83.70,C8370,Burkitt lymphoma,,,
Localized Tumor,ICD-10-CM,ICD10CM,,C83.71,C8371,Burkitt lymphoma,,,
Localized Tumor,ICD-10-CM,ICD10CM,,C83.72,C8372,Burkitt lymphoma,,,
Localized Tumor,ICD-10-CM,ICD10CM,,C83.73,C8373,Burkitt lymphoma,,,
Localized Tumor,ICD-10-CM,ICD10CM,,C83.74,C8374,Burkitt lymphoma,,,
Localized Tumor,ICD-10-CM,ICD10CM,,C83.75,C8375,Burkitt lymphoma,,,
Localized Tumor,ICD-10-CM,ICD10CM,,C83.76,C8376,Burkitt lymphoma,,,
Localized Tumor,ICD-10-CM,ICD10CM,,C83.77,C8377,Burkitt lymphoma,,,
Localized Tumor,ICD-10-CM,ICD10CM,,C83.78,C8378,Burkitt lymphoma,,,
Localized Tumor,ICD-10-CM,ICD10CM,,C83.79,C8379,Burkitt lymphoma,,,
Localized Tumor,ICD-10-CM,ICD10CM,,C83.7A,C837A,Burkitt lymphoma,,,
Localized Tumor,ICD-10-CM,ICD10CM,,C83.80,C8380,Other non-follicular lymphoma,,,
Localized Tumor,ICD-10-CM,ICD10CM,,C83.81,C8381,Oth non-follic lymphoma,,,
Localized Tumor,ICD-10-CM,ICD10CM,,C83.82,C8382,Other non-follicular lymphoma,,,
Localized Tumor,ICD-10-CM,ICD10CM,,C83.83,C8383,Other non-follicular lymphoma,,,
Localized Tumor,ICD-10-CM,ICD10CM,,C83.84,C8384,Oth non-follic lymphoma,,,
Localized Tumor,ICD-10-CM,ICD10CM,,C83.85,C8385,Oth non-follic lymphoma,,,
Localized Tumor,ICD-10-CM,ICD10CM,,C83.86,C8386,Other non-follicular lymphoma,,,
Localized Tumor,ICD-10-CM,ICD10CM,,C83.87,C8387,Other non-follicular lymphoma,,,
Localized Tumor,ICD-10-CM,ICD10CM,,C83.88,C8388,Other non-follicular lymphoma,,,
Localized Tumor,ICD-10-CM,ICD10CM,,C83.89,C8389,Oth non-follic lymphoma,,,
Localized Tumor,ICD-10-CM,ICD10CM,,C83.8A,C838A,Other non-follicular lymphoma,,,
Localized Tumor,ICD-10-CM,ICD10CM,,C83.90,C8390,Non-follicular (diffuse) lymphoma,,,
Localized Tumor,ICD-10-CM,ICD10CM,,C83.91,C8391,Non-follic lymphoma,,,
Localized Tumor,ICD-10-CM,ICD10CM,,C83.92,C8392,Non-follic (diffuse) lymphoma,,,
Localized Tumor,ICD-10-CM,ICD10CM,,C83.93,C8393,Non-follic (diffuse) lymphoma,,,
Localized Tumor,ICD-10-CM,ICD10CM,,C83.94,C8394,Non-follic lymphoma,,,
Localized Tumor,ICD-10-CM,ICD10CM,,C83.95,C8395,Non-follic lymph,,,
Localized Tumor,ICD-10-CM,ICD10CM,,C83.96,C8396,Non-follic (diffuse) lymphoma,,,
Localized Tumor,ICD-10-CM,ICD10CM,,C83.97,C8397,Non-follicular (diffuse) lymphoma,,,
Localized Tumor,ICD-10-CM,ICD10CM,,C83.98,C8398,Non-follic (diffuse) lymphoma,,,
Localized Tumor,ICD-10-CM,ICD10CM,,C83.99,C8399,Non-follic lymphoma,,,
Localized Tumor,ICD-10-CM,ICD10CM,,C83.9A,C839A,Non-follicular (diffuse) lymphoma,,,
Localized Tumor,ICD-10-CM,ICD10CM,,C84.00,C8400,Mycosis fungoides,,,
Localized Tumor,ICD-10-CM,ICD10CM,,C84.01,C8401,Mycosis fungoides,,,
Localized Tumor,ICD-10-CM,ICD10CM,,C84.02,C8402,Mycosis fungoides,,,
Localized Tumor,ICD-10-CM,ICD10CM,,C84.03,C8403,Mycosis fungoides,,,
Localized Tumor,ICD-10-CM,ICD10CM,,C84.04,C8404,Mycosis fungoides,,,
Localized Tumor,ICD-10-CM,ICD10CM,,C84.05,C8405,Mycosis fungoides,,,
Localized Tumor,ICD-10-CM,ICD10CM,,C84.06,C8406,Mycosis fungoides,,,
Localized Tumor,ICD-10-CM,ICD10CM,,C84.07,C8407,Mycosis fungoides,,,
Localized Tumor,ICD-10-CM,ICD10CM,,C84.08,C8408,Mycosis fungoides,,,
Localized Tumor,ICD-10-CM,ICD10CM,,C84.09,C8409,Mycosis fungoides,,,
Localized Tumor,ICD-10-CM,ICD10CM,,C84.0A,C840A,Mycosis fungoides,,,
Localized Tumor,ICD-10-CM,ICD10CM,,C84.10,C8410,Sezary disease,,,
Localized Tumor,ICD-10-CM,ICD10CM,,C84.11,C8411,Sezary disease,,,
Localized Tumor,ICD-10-CM,ICD10CM,,C84.12,C8412,Sezary disease,,,
Localized Tumor,ICD-10-CM,ICD10CM,,C84.13,C8413,Sezary disease,,,
Localized Tumor,ICD-10-CM,ICD10CM,,C84.14,C8414,Sezary disease,,,
Localized Tumor,ICD-10-CM,ICD10CM,,C84.15,C8415,Sezary disease,,,
Localized Tumor,ICD-10-CM,ICD10CM,,C84.16,C8416,Sezary disease,,,
Localized Tumor,ICD-10-CM,ICD10CM,,C84.17,C8417,Sezary disease,,,
Localized Tumor,ICD-10-CM,ICD10CM,,C84.18,C8418,Sezary disease,,,
Localized Tumor,ICD-10-CM,ICD10CM,,C84.19,C8419,Sezary disease,,,
Localized Tumor,ICD-10-CM,ICD10CM,,C84.1A,C841A,Sezary disease,,,
Localized Tumor,ICD-10-CM,ICD10CM,,C84.40,C8440,Peripheral T-cell lymphoma,,,
Localized Tumor,ICD-10-CM,ICD10CM,,C84.41,C8441,Prph T-cell lymphoma,,,
Localized Tumor,ICD-10-CM,ICD10CM,,C84.42,C8442,Peripheral T-cell lymphoma,,,
Localized Tumor,ICD-10-CM,ICD10CM,,C84.43,C8443,Peripheral T-cell lymphoma,,,
Localized Tumor,ICD-10-CM,ICD10CM,,C84.44,C8444,Prph T-cell lymphoma,,,
Localized Tumor,ICD-10-CM,ICD10CM,,C84.45,C8445,Prph T-cell lymph,,,
Localized Tumor,ICD-10-CM,ICD10CM,,C84.46,C8446,Peripheral T-cell lymphoma,,,
Localized Tumor,ICD-10-CM,ICD10CM,,C84.47,C8447,Peripheral T-cell lymphoma,,,
Localized Tumor,ICD-10-CM,ICD10CM,,C84.48,C8448,Peripheral T-cell lymphoma,,,
Localized Tumor,ICD-10-CM,ICD10CM,,C84.49,C8449,Prph T-cell lymphoma,,,
Localized Tumor,ICD-10-CM,ICD10CM,,C84.4A,C844A,Peripheral T-cell lymphoma,,,
Localized Tumor,ICD-10-CM,ICD10CM,,C84.60,C8460,Anaplastic large cell lymphoma,,,
Localized Tumor,ICD-10-CM,ICD10CM,,C84.61,C8461,Anaplstc lg cell lymph,,,
Localized Tumor,ICD-10-CM,ICD10CM,,C84.62,C8462,Anaplastic large cell lymphoma,,,
Localized Tumor,ICD-10-CM,ICD10CM,,C84.63,C8463,Anaplastic large cell lymphoma,,,
Localized Tumor,ICD-10-CM,ICD10CM,,C84.64,C8464,Anaplstc lg cell lymph,,,
Localized Tumor,ICD-10-CM,ICD10CM,,C84.65,C8465,Anaplstc lg cell lymph,,,
Localized Tumor,ICD-10-CM,ICD10CM,,C84.66,C8466,Anaplastic large cell lymphoma,,,
Localized Tumor,ICD-10-CM,ICD10CM,,C84.67,C8467,Anaplastic large cell lymphoma,,,
Localized Tumor,ICD-10-CM,ICD10CM,,C84.68,C8468,Anaplastic large cell lymphoma,,,
Localized Tumor,ICD-10-CM,ICD10CM,,C84.69,C8469,Anaplstc lg cell lymph,,,
Localized Tumor,ICD-10-CM,ICD10CM,,C84.6A,C846A,Anaplastic large cell lymphoma,,,
Localized Tumor,ICD-10-CM,ICD10CM,,C84.70,C8470,Anaplastic large cell lymphoma,,,
Localized Tumor,ICD-10-CM,ICD10CM,,C84.71,C8471,Anaplstc lg cell lymph,,,
Localized Tumor,ICD-10-CM,ICD10CM,,C84.72,C8472,Anaplastic large cell lymphoma,,,
Localized Tumor,ICD-10-CM,ICD10CM,,C84.73,C8473,Anaplastic large cell lymphoma,,,
Localized Tumor,ICD-10-CM,ICD10CM,,C84.74,C8474,Anaplstc lg cell lymph,,,
Localized Tumor,ICD-10-CM,ICD10CM,,C84.75,C8475,Anaplstc lg cell lymph,,,
Localized Tumor,ICD-10-CM,ICD10CM,,C84.76,C8476,Anaplastic large cell lymphoma,,,
Localized Tumor,ICD-10-CM,ICD10CM,,C84.77,C8477,Anaplastic large cell lymphoma,,,
Localized Tumor,ICD-10-CM,ICD10CM,,C84.78,C8478,Anaplastic large cell lymphoma,,,
Localized Tumor,ICD-10-CM,ICD10CM,,C84.79,C8479,Anaplstc lg cell lymph,,,
Localized Tumor,ICD-10-CM,ICD10CM,,C84.7A,C847A,Anaplastic large cell lymphoma,,,
Localized Tumor,ICD-10-CM,ICD10CM,,C84.7B,C847B,Anaplastic large cell lymphoma,,,
Localized Tumor,ICD-10-CM,ICD10CM,,C84.90,C8490,Mature T/NK-cell lymphomas,,,
Localized Tumor,ICD-10-CM,ICD10CM,,C84.91,C8491,Mature T/NK-cell lymph,,,
Localized Tumor,ICD-10-CM,ICD10CM,,C84.92,C8492,Mature T/NK-cell lymphomas,,,
Localized Tumor,ICD-10-CM,ICD10CM,,C84.93,C8493,Mature T/NK-cell lymphomas,,,
Localized Tumor,ICD-10-CM,ICD10CM,,C84.94,C8494,Mature T/NK-cell lymph,,,
Localized Tumor,ICD-10-CM,ICD10CM,,C84.95,C8495,Mature T/NK-cell lymph,,,
Localized Tumor,ICD-10-CM,ICD10CM,,C84.96,C8496,Mature T/NK-cell lymphomas,,,
Localized Tumor,ICD-10-CM,ICD10CM,,C84.97,C8497,Mature T/NK-cell lymphomas,,,
Localized Tumor,ICD-10-CM,ICD10CM,,C84.98,C8498,Mature T/NK-cell lymphomas,,,
Localized Tumor,ICD-10-CM,ICD10CM,,C84.99,C8499,Mature T/NK-cell lymph,,,
Localized Tumor,ICD-10-CM,ICD10CM,,C84.9A,C849A,Mature T/NK-cell lymphomas,,,
Localized Tumor,ICD-10-CM,ICD10CM,,C84.A0,C84A0,Cutaneous T-cell lymphoma,,,
Localized Tumor,ICD-10-CM,ICD10CM,,C84.A1,C84A1,Cutan T-cell lymphoma,,,
Localized Tumor,ICD-10-CM,ICD10CM,,C84.A2,C84A2,Cutaneous T-cell lymphoma,,,
Localized Tumor,ICD-10-CM,ICD10CM,,C84.A3,C84A3,Cutaneous T-cell lymphoma,,,
Localized Tumor,ICD-10-CM,ICD10CM,,C84.A4,C84A4,Cutan T-cell lymphoma,,,
Localized Tumor,ICD-10-CM,ICD10CM,,C84.A5,C84A5,Cutan T-cell lymph,,,
Localized Tumor,ICD-10-CM,ICD10CM,,C84.A6,C84A6,Cutaneous T-cell lymphoma,,,
Localized Tumor,ICD-10-CM,ICD10CM,,C84.A7,C84A7,Cutaneous T-cell lymphoma,,,
Localized Tumor,ICD-10-CM,ICD10CM,,C84.A8,C84A8,Cutaneous T-cell lymphoma,,,
Localized Tumor,ICD-10-CM,ICD10CM,,C84.A9,C84A9,Cutan T-cell lymphoma,,,
Localized Tumor,ICD-10-CM,ICD10CM,,C84.AA,C84AA,Cutaneous T-cell lymphoma,,,
Localized Tumor,ICD-10-CM,ICD10CM,,C84.Z0,C84Z0,Other mature T/NK-cell lymphomas,,,
Localized Tumor,ICD-10-CM,ICD10CM,,C84.Z1,C84Z1,Oth mature T/NK-cell lymph,,,
Localized Tumor,ICD-10-CM,ICD10CM,,C84.Z2,C84Z2,Other mature T/NK-cell lymphomas,,,
Localized Tumor,ICD-10-CM,ICD10CM,,C84.Z3,C84Z3,Oth mature T/NK-cell lymphomas,,,
Localized Tumor,ICD-10-CM,ICD10CM,,C84.Z4,C84Z4,Oth mature T/NK-cell lymph,,,
Localized Tumor,ICD-10-CM,ICD10CM,,C84.Z5,C84Z5,Oth mature T/NK-cell lymph,,,
Localized Tumor,ICD-10-CM,ICD10CM,,C84.Z6,C84Z6,Other mature T/NK-cell lymphomas,,,
Localized Tumor,ICD-10-CM,ICD10CM,,C84.Z7,C84Z7,Other mature T/NK-cell lymphomas,,,
Localized Tumor,ICD-10-CM,ICD10CM,,C84.Z8,C84Z8,Oth mature T/NK-cell lymphomas,,,
Localized Tumor,ICD-10-CM,ICD10CM,,C84.Z9,C84Z9,Oth mature T/NK-cell lymph,,,
Localized Tumor,ICD-10-CM,ICD10CM,,C84.ZA,C84ZA,Other mature T/NK-cell lymphomas,,,
Localized Tumor,ICD-10-CM,ICD10CM,,C85.10,C8510,Unspecified B-cell lymphoma,,,
Localized Tumor,ICD-10-CM,ICD10CM,,C85.11,C8511,Unsp B-cell lymphoma,,,
Localized Tumor,ICD-10-CM,ICD10CM,,C85.12,C8512,Unspecified B-cell lymphoma,,,
Localized Tumor,ICD-10-CM,ICD10CM,,C85.13,C8513,Unspecified B-cell lymphoma,,,
Localized Tumor,ICD-10-CM,ICD10CM,,C85.14,C8514,Unsp B-cell lymphoma,,,
Localized Tumor,ICD-10-CM,ICD10CM,,C85.15,C8515,Unsp B-cell lymphoma,,,
Localized Tumor,ICD-10-CM,ICD10CM,,C85.16,C8516,Unspecified B-cell lymphoma,,,
Localized Tumor,ICD-10-CM,ICD10CM,,C85.17,C8517,Unspecified B-cell lymphoma,,,
Localized Tumor,ICD-10-CM,ICD10CM,,C85.18,C8518,Unspecified B-cell lymphoma,,,
Localized Tumor,ICD-10-CM,ICD10CM,,C85.19,C8519,Unsp B-cell lymphoma,,,
Localized Tumor,ICD-10-CM,ICD10CM,,C85.1A,C851A,Unspecified B-cell lymphoma,,,
Localized Tumor,ICD-10-CM,ICD10CM,,C85.20,C8520,Mediastinal (thymic) large B-cell lymphoma,,,
Localized Tumor,ICD-10-CM,ICD10CM,,C85.21,C8521,Mediastnl large B-cell lymph,,,
Localized Tumor,ICD-10-CM,ICD10CM,,C85.22,C8522,Mediastnl (thymic) large B-cell lymphoma,,,
Localized Tumor,ICD-10-CM,ICD10CM,,C85.23,C8523,Mediastinal (thymic) large B-cell lymphoma,,,
Localized Tumor,ICD-10-CM,ICD10CM,,C85.24,C8524,Mediastnl large B-cell lymph,,,
Localized Tumor,ICD-10-CM,ICD10CM,,C85.25,C8525,Mediastnl lg B-cell lymph,,,
Localized Tumor,ICD-10-CM,ICD10CM,,C85.26,C8526,Mediastinal (thymic) large B-cell lymphoma,,,
Localized Tumor,ICD-10-CM,ICD10CM,,C85.27,C8527,Mediastinal (thymic) large B-cell lymphoma,,,
Localized Tumor,ICD-10-CM,ICD10CM,,C85.28,C8528,Mediastinal (thymic) large B-cell lymphoma,,,
Localized Tumor,ICD-10-CM,ICD10CM,,C85.29,C8529,Mediastnl large B-cell lymph,,,
Localized Tumor,ICD-10-CM,ICD10CM,,C85.2A,C852A,Mediastinal (thymic) large B-cell lymphoma,,,
Localized Tumor,ICD-10-CM,ICD10CM,,C85.80,C8580,Oth types of non-Hodgkin lymphoma,,,
Localized Tumor,ICD-10-CM,ICD10CM,,C85.81,C8581,Oth types of non-hodg lymph,,,
Localized Tumor,ICD-10-CM,ICD10CM,,C85.82,C8582,Oth types of non-Hodgkin lymphoma,,,
Localized Tumor,ICD-10-CM,ICD10CM,,C85.83,C8583,Oth types of non-Hodgkin lymphoma,,,
Localized Tumor,ICD-10-CM,ICD10CM,,C85.84,C8584,Oth types of non-hodg lymph,,,
Localized Tumor,ICD-10-CM,ICD10CM,,C85.85,C8585,Oth types of non-hodg lymph,,,
Localized Tumor,ICD-10-CM,ICD10CM,,C85.86,C8586,Oth types of non-Hodgkin lymphoma,,,
Localized Tumor,ICD-10-CM,ICD10CM,,C85.87,C8587,Other specified types of non-Hodgkin lymphoma,,,
Localized Tumor,ICD-10-CM,ICD10CM,,C85.88,C8588,Oth types of non-Hodgkin lymphoma,,,
Localized Tumor,ICD-10-CM,ICD10CM,,C85.89,C8589,Oth types of non-hodg lymph,,,
Localized Tumor,ICD-10-CM,ICD10CM,,C85.8A,C858A,Other specified types of non-Hodgkin lymphoma,,,
Localized Tumor,ICD-10-CM,ICD10CM,,C85.90,C8590,Non-Hodgkin lymphoma,,,
Localized Tumor,ICD-10-CM,ICD10CM,,C85.91,C8591,Non-Hodgkin lymphoma,,,
Localized Tumor,ICD-10-CM,ICD10CM,,C85.92,C8592,Non-Hodgkin lymphoma,,,
Localized Tumor,ICD-10-CM,ICD10CM,,C85.93,C8593,Non-Hodgkin lymphoma,,,
Localized Tumor,ICD-10-CM,ICD10CM,,C85.94,C8594,Non-Hodgkin lymphoma,,,
Localized Tumor,ICD-10-CM,ICD10CM,,C85.95,C8595,Non-hodg lymphoma,,,
Localized Tumor,ICD-10-CM,ICD10CM,,C85.96,C8596,Non-Hodgkin lymphoma,,,
Localized Tumor,ICD-10-CM,ICD10CM,,C85.97,C8597,Non-Hodgkin lymphoma,,,
Localized Tumor,ICD-10-CM,ICD10CM,,C85.98,C8598,Non-Hodgkin lymphoma,,,
Localized Tumor,ICD-10-CM,ICD10CM,,C85.99,C8599,Non-Hodgkin lymphoma,,,
Localized Tumor,ICD-10-CM,ICD10CM,,C85.9A,C859A,Non-Hodgkin lymphoma,,,
Localized Tumor,ICD-10-CM,ICD10CM,,C88.0,C880,Waldenstrom macroglobulinemia,,,
Localized Tumor,ICD-10-CM,ICD10CM,,C88.00,C8800,Waldenstrom macroglobulinemia not having achieved remission,,,
Localized Tumor,ICD-10-CM,ICD10CM,,C88.01,C8801,Waldenstrom macroglobulinemia,,,
Localized Tumor,ICD-10-CM,ICD10CM,,C88.2,C882,Heavy chain disease,,,
Localized Tumor,ICD-10-CM,ICD10CM,,C88.20,C8820,Heavy chain disease not having achieved remission,,,
Localized Tumor,ICD-10-CM,ICD10CM,,C88.21,C8821,Heavy chain disease,,,
Localized Tumor,ICD-10-CM,ICD10CM,,C88.3,C883,Immunoproliferative small intestinal disease,,,
Localized Tumor,ICD-10-CM,ICD10CM,,C88.30,C8830,Immunoproliferative small intestinal disease not remission,,,
Localized Tumor,ICD-10-CM,ICD10CM,,C88.31,C8831,Immunoproliferative small intestinal disease,,,
Localized Tumor,ICD-10-CM,ICD10CM,,C88.4,C884,Extrnod mrgnl zn B-cell lymph of mucosa-assoc lymphoid tiss,,,
Localized Tumor,ICD-10-CM,ICD10CM,,C88.40,C8840,Extrnod mrgnl B-cell lymph mucosa-assoc lym tiss not remis,,,
Localized Tumor,ICD-10-CM,ICD10CM,,C88.41,C8841,Extrnod mrgnl B-cell lymph mucosa-assoc lym tiss,,,
Localized Tumor,ICD-10-CM,ICD10CM,,C88.8,C888,Other malignant immunoproliferative diseases,,,
Localized Tumor,ICD-10-CM,ICD10CM,,C88.80,C8880,Other malignant immunoproliferative diseases not remission,,,
Localized Tumor,ICD-10-CM,ICD10CM,,C88.81,C8881,Other malignant immunoproliferative diseases,,,
Localized Tumor,ICD-10-CM,ICD10CM,,C88.9,C889,Malignant immunoproliferative disease,,,
Localized Tumor,ICD-10-CM,ICD10CM,,C88.90,C8890,Malignant immunoproliferative disease,,,
Localized Tumor,ICD-10-CM,ICD10CM,,C88.91,C8891,Malignant immunoproliferative disease,,,
Localized Tumor,ICD-10-CM,ICD10CM,,C90.00,C9000,Multiple myeloma not having achieved remission,,,
Localized Tumor,ICD-10-CM,ICD10CM,,C90.01,C9001,Multiple myeloma in remission,,,
Localized Tumor,ICD-10-CM,ICD10CM,,C90.02,C9002,Multiple myeloma in relapse,,,
Localized Tumor,ICD-10-CM,ICD10CM,,C90.10,C9010,Plasma cell leukemia not having achieved remission,,,
Localized Tumor,ICD-10-CM,ICD10CM,,C90.11,C9011,Plasma cell leukemia in remission,,,
Localized Tumor,ICD-10-CM,ICD10CM,,C90.12,C9012,Plasma cell leukemia in relapse,,,
Localized Tumor,ICD-10-CM,ICD10CM,,C90.20,C9020,Extramedullary plasmacytoma not having achieved remission,,,
Localized Tumor,ICD-10-CM,ICD10CM,,C90.21,C9021,Extramedullary plasmacytoma in remission,,,
Localized Tumor,ICD-10-CM,ICD10CM,,C90.22,C9022,Extramedullary plasmacytoma in relapse,,,
Localized Tumor,ICD-10-CM,ICD10CM,,C90.30,C9030,Solitary plasmacytoma not having achieved remission,,,
Localized Tumor,ICD-10-CM,ICD10CM,,C90.31,C9031,Solitary plasmacytoma in remission,,,
Localized Tumor,ICD-10-CM,ICD10CM,,C90.32,C9032,Solitary plasmacytoma in relapse,,,
Localized Tumor,ICD-10-CM,ICD10CM,,C91.00,C9100,Acute lymphoblastic leukemia not having achieved remission,,,
Localized Tumor,ICD-10-CM,ICD10CM,,C91.01,C9101,Acute lymphoblastic leukemia,,,
Localized Tumor,ICD-10-CM,ICD10CM,,C91.02,C9102,Acute lymphoblastic leukemia,,,
Localized Tumor,ICD-10-CM,ICD10CM,,C91.10,C9110,Chronic lymphocytic leuk of B-cell type not achieve remis,,,
Localized Tumor,ICD-10-CM,ICD10CM,,C91.11,C9111,Chronic lymphocytic leukemia of B-cell type in remission,,,
Localized Tumor,ICD-10-CM,ICD10CM,,C91.12,C9112,Chronic lymphocytic leukemia of B-cell type in relapse,,,
Localized Tumor,ICD-10-CM,ICD10CM,,C91.30,C9130,Prolymphocytic leukemia of B-cell type not achieve remission,,,
Localized Tumor,ICD-10-CM,ICD10CM,,C91.31,C9131,Prolymphocytic leukemia of B-cell type,,,
Localized Tumor,ICD-10-CM,ICD10CM,,C91.32,C9132,Prolymphocytic leukemia of B-cell type,,,
Localized Tumor,ICD-10-CM,ICD10CM,,C91.40,C9140,Hairy cell leukemia not having achieved remission,,,
Localized Tumor,ICD-10-CM,ICD10CM,,C91.41,C9141,Hairy cell leukemia,,,
Localized Tumor,ICD-10-CM,ICD10CM,,C91.42,C9142,Hairy cell leukemia,,,
Localized Tumor,ICD-10-CM,ICD10CM,,C91.50,C9150,Adult T-cell lymph/leuk (HTLV-1-assoc) not achieve remission,,,
Localized Tumor,ICD-10-CM,ICD10CM,,C91.51,C9151,Adult T-cell lymphoma/leukemia (HTLV-1-assoc),,,
Localized Tumor,ICD-10-CM,ICD10CM,,C91.52,C9152,Adult T-cell lymphoma/leukemia (HTLV-1-assoc),,,
Localized Tumor,ICD-10-CM,ICD10CM,,C91.60,C9160,Prolymphocytic leukemia of T-cell type not achieve remission,,,
Localized Tumor,ICD-10-CM,ICD10CM,,C91.61,C9161,Prolymphocytic leukemia of T-cell type,,,
Localized Tumor,ICD-10-CM,ICD10CM,,C91.62,C9162,Prolymphocytic leukemia of T-cell type,,,
Localized Tumor,ICD-10-CM,ICD10CM,,C91.90,C9190,Lymphoid leukemia,,,
Localized Tumor,ICD-10-CM,ICD10CM,,C91.91,C9191,Lymphoid leukemia,,,
Localized Tumor,ICD-10-CM,ICD10CM,,C91.92,C9192,Lymphoid leukemia,,,
Localized Tumor,ICD-10-CM,ICD10CM,,C91.A0,C91A0,Mature B-cell leukemia Burkitt-type not achieve remission,,,
Localized Tumor,ICD-10-CM,ICD10CM,,C91.A1,C91A1,Mature B-cell leukemia Burkitt-type,,,
Localized Tumor,ICD-10-CM,ICD10CM,,C91.A2,C91A2,Mature B-cell leukemia Burkitt-type,,,
Localized Tumor,ICD-10-CM,ICD10CM,,C91.Z0,C91Z0,Other lymphoid leukemia not having achieved remission,,,
Localized Tumor,ICD-10-CM,ICD10CM,,C91.Z1,C91Z1,Other lymphoid leukemia,,,
Localized Tumor,ICD-10-CM,ICD10CM,,C91.Z2,C91Z2,Other lymphoid leukemia,,,
Localized Tumor,ICD-10-CM,ICD10CM,,C92.00,C9200,Acute myeloblastic leukemia,,,
Localized Tumor,ICD-10-CM,ICD10CM,,C92.01,C9201,Acute myeloblastic leukemia,,,
Localized Tumor,ICD-10-CM,ICD10CM,,C92.02,C9202,Acute myeloblastic leukemia,,,
Localized Tumor,ICD-10-CM,ICD10CM,,C92.10,C9210,Chronic myeloid leuk,,,
Localized Tumor,ICD-10-CM,ICD10CM,,C92.11,C9211,Chronic myeloid leukemia,,,
Localized Tumor,ICD-10-CM,ICD10CM,,C92.12,C9212,Chronic myeloid leukemia,,,
Localized Tumor,ICD-10-CM,ICD10CM,,C92.20,C9220,Atyp chronic myeloid leuk,,,
Localized Tumor,ICD-10-CM,ICD10CM,,C92.21,C9221,Atypical chronic myeloid leukemia,,,
Localized Tumor,ICD-10-CM,ICD10CM,,C92.22,C9222,Atypical chronic myeloid leukemia,,,
Localized Tumor,ICD-10-CM,ICD10CM,,C92.30,C9230,Myeloid sarcoma,,,
Localized Tumor,ICD-10-CM,ICD10CM,,C92.31,C9231,Myeloid sarcoma,,,
Localized Tumor,ICD-10-CM,ICD10CM,,C92.32,C9232,Myeloid sarcoma,,,
Localized Tumor,ICD-10-CM,ICD10CM,,C92.40,C9240,Acute promyelocytic leukemia,,,
Localized Tumor,ICD-10-CM,ICD10CM,,C92.41,C9241,Acute promyelocytic leukemia,,,
Localized Tumor,ICD-10-CM,ICD10CM,,C92.42,C9242,Acute promyelocytic leukemia,,,
Localized Tumor,ICD-10-CM,ICD10CM,,C92.50,C9250,Acute myelomonocytic leukemia,,,
Localized Tumor,ICD-10-CM,ICD10CM,,C92.51,C9251,Acute myelomonocytic leukemia,,,
Localized Tumor,ICD-10-CM,ICD10CM,,C92.52,C9252,Acute myelomonocytic leukemia,,,
Localized Tumor,ICD-10-CM,ICD10CM,,C92.60,C9260,Acute myeloid leukemia w 11q23-abnormality not achieve remis,,,
Localized Tumor,ICD-10-CM,ICD10CM,,C92.61,C9261,Acute myeloid leukemia with 11q23-abnormality in remission,,,
Localized Tumor,ICD-10-CM,ICD10CM,,C92.62,C9262,Acute myeloid leukemia with 11q23-abnormality in relapse,,,
Localized Tumor,ICD-10-CM,ICD10CM,,C92.90,C9290,Myeloid leukemia,,,
Localized Tumor,ICD-10-CM,ICD10CM,,C92.91,C9291,Myeloid leukemia,,,
Localized Tumor,ICD-10-CM,ICD10CM,,C92.92,C9292,Myeloid leukemia,,,
Localized Tumor,ICD-10-CM,ICD10CM,,C92.A0,C92A0,Acute myeloid leuk w multilin dysplasia,,,
Localized Tumor,ICD-10-CM,ICD10CM,,C92.A1,C92A1,Acute myeloid leukemia w multilin dysplasia,,,
Localized Tumor,ICD-10-CM,ICD10CM,,C92.A2,C92A2,Acute myeloid leukemia w multilineage dysplasia,,,
Localized Tumor,ICD-10-CM,ICD10CM,,C92.Z0,C92Z0,Other myeloid leukemia not having achieved remission,,,
Localized Tumor,ICD-10-CM,ICD10CM,,C92.Z1,C92Z1,Other myeloid leukemia,,,
Localized Tumor,ICD-10-CM,ICD10CM,,C92.Z2,C92Z2,Other myeloid leukemia,,,
Localized Tumor,ICD-10-CM,ICD10CM,,C93.00,C9300,Acute monoblastic/monocytic leukemia,,,
Localized Tumor,ICD-10-CM,ICD10CM,,C93.01,C9301,Acute monoblastic/monocytic leukemia,,,
Localized Tumor,ICD-10-CM,ICD10CM,,C93.02,C9302,Acute monoblastic/monocytic leukemia,,,
Localized Tumor,ICD-10-CM,ICD10CM,,C93.10,C9310,Chronic myelomonocytic leukemia not achieve remission,,,
Localized Tumor,ICD-10-CM,ICD10CM,,C93.11,C9311,Chronic myelomonocytic leukemia,,,
Localized Tumor,ICD-10-CM,ICD10CM,,C93.12,C9312,Chronic myelomonocytic leukemia,,,
Localized Tumor,ICD-10-CM,ICD10CM,,C93.30,C9330,Juvenile myelomonocytic leukemia,,,
Localized Tumor,ICD-10-CM,ICD10CM,,C93.31,C9331,Juvenile myelomonocytic leukemia,,,
Localized Tumor,ICD-10-CM,ICD10CM,,C93.32,C9332,Juvenile myelomonocytic leukemia,,,
Localized Tumor,ICD-10-CM,ICD10CM,,C93.90,C9390,Monocytic leukemia,,,
Localized Tumor,ICD-10-CM,ICD10CM,,C93.91,C9391,Monocytic leukemia,,,
Localized Tumor,ICD-10-CM,ICD10CM,,C93.92,C9392,Monocytic leukemia,,,
Localized Tumor,ICD-10-CM,ICD10CM,,C93.Z0,C93Z0,Other monocytic leukemia,,,
Localized Tumor,ICD-10-CM,ICD10CM,,C93.Z1,C93Z1,Other monocytic leukemia,,,
Localized Tumor,ICD-10-CM,ICD10CM,,C93.Z2,C93Z2,Other monocytic leukemia,,,
Localized Tumor,ICD-10-CM,ICD10CM,,C94.00,C9400,Acute erythroid leukemia,,,
Localized Tumor,ICD-10-CM,ICD10CM,,C94.01,C9401,Acute erythroid leukemia,,,
Localized Tumor,ICD-10-CM,ICD10CM,,C94.02,C9402,Acute erythroid leukemia,,,
Localized Tumor,ICD-10-CM,ICD10CM,,C94.20,C9420,Acute megakaryoblastic leukemia not achieve remission,,,
Localized Tumor,ICD-10-CM,ICD10CM,,C94.21,C9421,Acute megakaryoblastic leukemia,,,
Localized Tumor,ICD-10-CM,ICD10CM,,C94.22,C9422,Acute megakaryoblastic leukemia,,,
Localized Tumor,ICD-10-CM,ICD10CM,,C94.30,C9430,Mast cell leukemia not having achieved remission,,,
Localized Tumor,ICD-10-CM,ICD10CM,,C94.31,C9431,Mast cell leukemia,,,
Localized Tumor,ICD-10-CM,ICD10CM,,C94.32,C9432,Mast cell leukemia,,,
Localized Tumor,ICD-10-CM,ICD10CM,,C94.40,C9440,Acute panmyelosis w myelofibrosis not achieve remission,,,
Localized Tumor,ICD-10-CM,ICD10CM,,C94.41,C9441,Acute panmyelosis with myelofibrosis,,,
Localized Tumor,ICD-10-CM,ICD10CM,,C94.42,C9442,Acute panmyelosis with myelofibrosis,,,
Localized Tumor,ICD-10-CM,ICD10CM,,C94.6,C946,Myelodysplastic disease,,,
Localized Tumor,ICD-10-CM,ICD10CM,,C94.80,C9480,Other specified leukemias not having achieved remission,,,
Localized Tumor,ICD-10-CM,ICD10CM,,C94.81,C9481,Other specified leukemias,,,
Localized Tumor,ICD-10-CM,ICD10CM,,C94.82,C9482,Other specified leukemias,,,
Localized Tumor,ICD-10-CM,ICD10CM,,C95.00,C9500,Acute leukemia of unsp cell type not achieve remission,,,
Localized Tumor,ICD-10-CM,ICD10CM,,C95.01,C9501,Acute leukemia of unspecified cell type,,,
Localized Tumor,ICD-10-CM,ICD10CM,,C95.02,C9502,Acute leukemia of unspecified cell type,,,
Localized Tumor,ICD-10-CM,ICD10CM,,C95.10,C9510,Chronic leukemia of unsp cell type not achieve remission,,,
Localized Tumor,ICD-10-CM,ICD10CM,,C95.11,C9511,Chronic leukemia of unspecified cell type,,,
Localized Tumor,ICD-10-CM,ICD10CM,,C95.12,C9512,Chronic leukemia of unspecified cell type,,,
Localized Tumor,ICD-10-CM,ICD10CM,,C95.90,C9590,Leukemia,,,
Localized Tumor,ICD-10-CM,ICD10CM,,C95.91,C9591,Leukemia,,,
Localized Tumor,ICD-10-CM,ICD10CM,,C95.92,C9592,Leukemia,,,
Localized Tumor,ICD-10-CM,ICD10CM,,C96.0,C960,Multifocal and multisystemic Langerhans-cell histiocytosis,,,
Localized Tumor,ICD-10-CM,ICD10CM,,C96.2,C962,Malignant mast cell tumor,,,
Localized Tumor,ICD-10-CM,ICD10CM,,C96.20,C9620,Malignant mast cell neoplasm,,,
Localized Tumor,ICD-10-CM,ICD10CM,,C96.21,C9621,Aggressive systemic mastocytosis,,,
Localized Tumor,ICD-10-CM,ICD10CM,,C96.22,C9622,Mast cell sarcoma,,,
Localized Tumor,ICD-10-CM,ICD10CM,,C96.29,C9629,Other malignant mast cell neoplasm,,,
Localized Tumor,ICD-10-CM,ICD10CM,,C96.4,C964,Sarcoma of dendritic cells (accessory cells),,,
Localized Tumor,ICD-10-CM,ICD10CM,,C96.5,C965,Multifocal and unisystemic Langerhans-cell histiocytosis,,,
Localized Tumor,ICD-10-CM,ICD10CM,,C96.6,C966,Unifocal Langerhans-cell histiocytosis,,,
Localized Tumor,ICD-10-CM,ICD10CM,,C96.9,C969,Malig neoplm of lymphoid,,,
Localized Tumor,ICD-10-CM,ICD10CM,,C96.A,C96A,Histiocytic sarcoma,,,
Localized Tumor,ICD-10-CM,ICD10CM,,C96.Z,C96Z,Oth malig neoplm of lymphoid,,,
Localized Tumor,ICD-9-CM,ICD9CM,,140,1400,Malignant neoplasm of upper lip,,,
Localized Tumor,ICD-9-CM,ICD9CM,,140.1,1401,Malignant neoplasm of lower lip,,,
Localized Tumor,ICD-9-CM,ICD9CM,,140.3,1403,Malignant neoplasm of upper lip,,,
Localized Tumor,ICD-9-CM,ICD9CM,,140.4,1404,Malignant neoplasm of lower lip,,,
Localized Tumor,ICD-9-CM,ICD9CM,,140.5,1405,Malignant neoplasm of lip,,,
Localized Tumor,ICD-9-CM,ICD9CM,,140.6,1406,Malignant neoplasm of commissure of lip,,,
Localized Tumor,ICD-9-CM,ICD9CM,,140.8,1408,Malignant neoplasm of other sites of lip,,,
Localized Tumor,ICD-9-CM,ICD9CM,,140.9,1409,Malignant neoplasm of lip,,,
Localized Tumor,ICD-9-CM,ICD9CM,,141,1410,Malignant neoplasm of base of tongue,,,
Localized Tumor,ICD-9-CM,ICD9CM,,141.1,1411,Malignant neoplasm of dorsal surface of tongue,,,
Localized Tumor,ICD-9-CM,ICD9CM,,141.2,1412,Malignant neoplasm of tip and lateral border of tongue,,,
Localized Tumor,ICD-9-CM,ICD9CM,,141.3,1413,Malignant neoplasm of ventral surface of tongue,,,
Localized Tumor,ICD-9-CM,ICD9CM,,141.4,1414,Malignant neoplasm of anterior two-thirds of tongue,,,
Localized Tumor,ICD-9-CM,ICD9CM,,141.5,1415,Malignant neoplasm of junctional zone of tongue,,,
Localized Tumor,ICD-9-CM,ICD9CM,,141.6,1416,Malignant neoplasm of lingual tonsil,,,
Localized Tumor,ICD-9-CM,ICD9CM,,141.8,1418,Malignant neoplasm of other sites of tongue,,,
Localized Tumor,ICD-9-CM,ICD9CM,,141.9,1419,Malignant neoplasm of tongue,,,
Localized Tumor,ICD-9-CM,ICD9CM,,142,1420,Malignant neoplasm of parotid gland,,,
Localized Tumor,ICD-9-CM,ICD9CM,,142.1,1421,Malignant neoplasm of submandibular gland,,,
Localized Tumor,ICD-9-CM,ICD9CM,,142.2,1422,Malignant neoplasm of sublingual gland,,,
Localized Tumor,ICD-9-CM,ICD9CM,,142.8,1428,Malignant neoplasm of other major salivary glands,,,
Localized Tumor,ICD-9-CM,ICD9CM,,142.9,1429,Malignant neoplasm of salivary gland,,,
Localized Tumor,ICD-9-CM,ICD9CM,,143,1430,Malignant neoplasm of upper gum,,,
Localized Tumor,ICD-9-CM,ICD9CM,,143.1,1431,Malignant neoplasm of lower gum,,,
Localized Tumor,ICD-9-CM,ICD9CM,,143.8,1438,Malignant neoplasm of other sites of gum,,,
Localized Tumor,ICD-9-CM,ICD9CM,,143.9,1439,Malignant neoplasm of gum,,,
Localized Tumor,ICD-9-CM,ICD9CM,,144,1440,Malignant neoplasm of anterior portion of floor of mouth,,,
Localized Tumor,ICD-9-CM,ICD9CM,,144.1,1441,Malignant neoplasm of lateral portion of floor of mouth,,,
Localized Tumor,ICD-9-CM,ICD9CM,,144.8,1448,Malignant neoplasm of other sites of floor of mouth,,,
Localized Tumor,ICD-9-CM,ICD9CM,,144.9,1449,Malignant neoplasm of floor of mouth,,,
Localized Tumor,ICD-9-CM,ICD9CM,,145,1450,Malignant neoplasm of cheek mucosa,,,
Localized Tumor,ICD-9-CM,ICD9CM,,145.1,1451,Malignant neoplasm of vestibule of mouth,,,
Localized Tumor,ICD-9-CM,ICD9CM,,145.2,1452,Malignant neoplasm of hard palate,,,
Localized Tumor,ICD-9-CM,ICD9CM,,145.3,1453,Malignant neoplasm of soft palate,,,
Localized Tumor,ICD-9-CM,ICD9CM,,145.4,1454,Malignant neoplasm of uvula,,,
Localized Tumor,ICD-9-CM,ICD9CM,,145.5,1455,Malignant neoplasm of palate,,,
Localized Tumor,ICD-9-CM,ICD9CM,,145.6,1456,Malignant neoplasm of retromolar area,,,
Localized Tumor,ICD-9-CM,ICD9CM,,145.8,1458,Malignant neoplasm of other specified parts of mouth,,,
Localized Tumor,ICD-9-CM,ICD9CM,,145.9,1459,Malignant neoplasm of mouth,,,
Localized Tumor,ICD-9-CM,ICD9CM,,146,1460,Malignant neoplasm of tonsil,,,
Localized Tumor,ICD-9-CM,ICD9CM,,146.1,1461,Malignant neoplasm of tonsillar fossa,,,
Localized Tumor,ICD-9-CM,ICD9CM,,146.2,1462,Malignant neoplasm of tonsillar pillars (anterior) (posterior),,,
Localized Tumor,ICD-9-CM,ICD9CM,,146.3,1463,Malignant neoplasm of vallecula epiglottica,,,
Localized Tumor,ICD-9-CM,ICD9CM,,146.4,1464,Malignant neoplasm of anterior aspect of epiglottis,,,
Localized Tumor,ICD-9-CM,ICD9CM,,146.5,1465,Malignant neoplasm of junctional region of oropharynx,,,
Localized Tumor,ICD-9-CM,ICD9CM,,146.6,1466,Malignant neoplasm of lateral wall of oropharynx,,,
Localized Tumor,ICD-9-CM,ICD9CM,,146.7,1467,Malignant neoplasm of posterior wall of oropharynx,,,
Localized Tumor,ICD-9-CM,ICD9CM,,146.8,1468,Malignant neoplasm of other specified sites of oropharynx,,,
Localized Tumor,ICD-9-CM,ICD9CM,,146.9,1469,Malignant neoplasm of oropharynx,,,
Localized Tumor,ICD-9-CM,ICD9CM,,147,1470,Malignant neoplasm of superior wall of nasopharynx,,,
Localized Tumor,ICD-9-CM,ICD9CM,,147.1,1471,Malignant neoplasm of posterior wall of nasopharynx,,,
Localized Tumor,ICD-9-CM,ICD9CM,,147.2,1472,Malignant neoplasm of lateral wall of nasopharynx,,,
Localized Tumor,ICD-9-CM,ICD9CM,,147.3,1473,Malignant neoplasm of anterior wall of nasopharynx,,,
Localized Tumor,ICD-9-CM,ICD9CM,,147.8,1478,Malignant neoplasm of other specified sites of nasopharynx,,,
Localized Tumor,ICD-9-CM,ICD9CM,,147.9,1479,Malignant neoplasm of nasopharynx,,,
Localized Tumor,ICD-9-CM,ICD9CM,,148,1480,Malignant neoplasm of postcricoid region of hypopharynx,,,
Localized Tumor,ICD-9-CM,ICD9CM,,148.1,1481,Malignant neoplasm of pyriform sinus,,,
Localized Tumor,ICD-9-CM,ICD9CM,,148.2,1482,Malignant neoplasm of aryepiglottic fold,,,
Localized Tumor,ICD-9-CM,ICD9CM,,148.3,1483,Malignant neoplasm of posterior hypopharyngeal wall,,,
Localized Tumor,ICD-9-CM,ICD9CM,,148.8,1488,Malignant neoplasm of other specified sites of hypopharynx,,,
Localized Tumor,ICD-9-CM,ICD9CM,,148.9,1489,Malignant neoplasm of hypopharynx,,,
Localized Tumor,ICD-9-CM,ICD9CM,,149,1490,Malignant neoplasm of pharynx,,,
Localized Tumor,ICD-9-CM,ICD9CM,,149.1,1491,Malignant neoplasm of waldeyer's ring,,,
Localized Tumor,ICD-9-CM,ICD9CM,,149.8,1498,Malignant neoplasm of other sites within the lip and oral cavity,,,
Localized Tumor,ICD-9-CM,ICD9CM,,149.9,1499,Malignant neoplasm of ill-defined sites within the lip and oral cavity,,,
Localized Tumor,ICD-9-CM,ICD9CM,,150,150,MALIGNANT NEOPLASM OF ESOPHAGUS,,,
Localized Tumor,ICD-9-CM,ICD9CM,,150,1500,Malignant neoplasm of cervical esophagus,,,
Localized Tumor,ICD-9-CM,ICD9CM,,150.1,1501,Malignant neoplasm of thoracic esophagus,,,
Localized Tumor,ICD-9-CM,ICD9CM,,150.2,1502,Malignant neoplasm of abdominal esophagus,,,
Localized Tumor,ICD-9-CM,ICD9CM,,150.3,1503,Malignant neoplasm of upper third of esophagus,,,
Localized Tumor,ICD-9-CM,ICD9CM,,150.4,1504,Malignant neoplasm of middle third of esophagus,,,
Localized Tumor,ICD-9-CM,ICD9CM,,150.5,1505,Malignant neoplasm of lower third of esophagus,,,
Localized Tumor,ICD-9-CM,ICD9CM,,150.8,1508,Malignant neoplasm of other specified part of esophagus,,,
Localized Tumor,ICD-9-CM,ICD9CM,,150.9,1509,Malignant neoplasm of esophagus,,,
Localized Tumor,ICD-9-CM,ICD9CM,,151,1510,Malignant neoplasm of cardia,,,
Localized Tumor,ICD-9-CM,ICD9CM,,151.1,1511,Malignant neoplasm of pylorus,,,
Localized Tumor,ICD-9-CM,ICD9CM,,151.2,1512,Malignant neoplasm of pyloric antrum,,,
Localized Tumor,ICD-9-CM,ICD9CM,,151.3,1513,Malignant neoplasm of fundus of stomach,,,
Localized Tumor,ICD-9-CM,ICD9CM,,151.4,1514,Malignant neoplasm of body of stomach,,,
Localized Tumor,ICD-9-CM,ICD9CM,,151.5,1515,Malignant neoplasm of lesser curvature of stomach,,,
Localized Tumor,ICD-9-CM,ICD9CM,,151.6,1516,Malignant neoplasm of greater curvature of stomach,,,
Localized Tumor,ICD-9-CM,ICD9CM,,151.8,1518,Malignant neoplasm of other specified sites of stomach,,,
Localized Tumor,ICD-9-CM,ICD9CM,,151.9,1519,Malignant neoplasm of stomach,,,
Localized Tumor,ICD-9-CM,ICD9CM,,152,1520,Malignant neoplasm of duodenum,,,
Localized Tumor,ICD-9-CM,ICD9CM,,152.1,1521,Malignant neoplasm of jejunum,,,
Localized Tumor,ICD-9-CM,ICD9CM,,152.2,1522,Malignant neoplasm of ileum,,,
Localized Tumor,ICD-9-CM,ICD9CM,,152.3,1523,Malignant neoplasm of Meckel's diverticulum,,,
Localized Tumor,ICD-9-CM,ICD9CM,,152.8,1528,Malignant neoplasm of other specified sites of small intestine,,,
Localized Tumor,ICD-9-CM,ICD9CM,,152.9,1529,Malignant neoplasm of small intestine,,,
Localized Tumor,ICD-9-CM,ICD9CM,,153,1530,Malignant neoplasm of hepatic flexure,,,
Localized Tumor,ICD-9-CM,ICD9CM,,153.1,1531,Malignant neoplasm of transverse colon,,,
Localized Tumor,ICD-9-CM,ICD9CM,,153.2,1532,Malignant neoplasm of descending colon,,,
Localized Tumor,ICD-9-CM,ICD9CM,,153.3,1533,Malignant neoplasm of sigmoid colon,,,
Localized Tumor,ICD-9-CM,ICD9CM,,153.4,1534,Malignant neoplasm of cecum,,,
Localized Tumor,ICD-9-CM,ICD9CM,,153.5,1535,Malignant neoplasm of appendix vermiformis,,,
Localized Tumor,ICD-9-CM,ICD9CM,,153.6,1536,Malignant neoplasm of ascending colon,,,
Localized Tumor,ICD-9-CM,ICD9CM,,153.7,1537,Malignant neoplasm of splenic flexure,,,
Localized Tumor,ICD-9-CM,ICD9CM,,153.8,1538,Malignant neoplasm of other specified sites of large intestine,,,
Localized Tumor,ICD-9-CM,ICD9CM,,153.9,1539,Malignant neoplasm of colon,,,
Localized Tumor,ICD-9-CM,ICD9CM,,154,1540,Malignant neoplasm of rectosigmoid junction,,,
Localized Tumor,ICD-9-CM,ICD9CM,,154.1,1541,Malignant neoplasm of rectum,,,
Localized Tumor,ICD-9-CM,ICD9CM,,154.2,1542,Malignant neoplasm of anal canal,,,
Localized Tumor,ICD-9-CM,ICD9CM,,154.3,1543,Malignant neoplasm of anus,,,
Localized Tumor,ICD-9-CM,ICD9CM,,154.8,1548,Malignant neoplasm of other sites of rectum,,,
Localized Tumor,ICD-9-CM,ICD9CM,,155,1550,Malignant neoplasm of liver,,,
Localized Tumor,ICD-9-CM,ICD9CM,,155.1,1551,Malignant neoplasm of intrahepatic bile ducts,,,
Localized Tumor,ICD-9-CM,ICD9CM,,155.2,1552,Malignant neoplasm of liver,,,
Localized Tumor,ICD-9-CM,ICD9CM,,156,1560,Malignant neoplasm of gallbladder,,,
Localized Tumor,ICD-9-CM,ICD9CM,,156.1,1561,Malignant neoplasm of extrahepatic bile ducts,,,
Localized Tumor,ICD-9-CM,ICD9CM,,156.2,1562,Malignant neoplasm of ampulla of vater,,,
Localized Tumor,ICD-9-CM,ICD9CM,,156.8,1568,Malignant neoplasm of other specified sites of gallbladder and extrahepatic bile ducts,,,
Localized Tumor,ICD-9-CM,ICD9CM,,156.9,1569,Malignant neoplasm of biliary tract,,,
Localized Tumor,ICD-9-CM,ICD9CM,,157,1570,Malignant neoplasm of head of pancreas,,,
Localized Tumor,ICD-9-CM,ICD9CM,,157.1,1571,Malignant neoplasm of body of pancreas,,,
Localized Tumor,ICD-9-CM,ICD9CM,,157.2,1572,Malignant neoplasm of tail of pancreas,,,
Localized Tumor,ICD-9-CM,ICD9CM,,157.3,1573,Malignant neoplasm of pancreatic duct,,,
Localized Tumor,ICD-9-CM,ICD9CM,,157.4,1574,Malignant neoplasm of islets of langerhans,,,
Localized Tumor,ICD-9-CM,ICD9CM,,157.8,1578,Malignant neoplasm of other specified sites of pancreas,,,
Localized Tumor,ICD-9-CM,ICD9CM,,157.9,1579,Malignant neoplasm of pancreas,,,
Localized Tumor,ICD-9-CM,ICD9CM,,158,1580,Malignant neoplasm of retroperitoneum,,,
Localized Tumor,ICD-9-CM,ICD9CM,,158.8,1588,Malignant neoplasm of specified parts of peritoneum,,,
Localized Tumor,ICD-9-CM,ICD9CM,,158.9,1589,Malignant neoplasm of peritoneum,,,
Localized Tumor,ICD-9-CM,ICD9CM,,159,1590,Malignant neoplasm of intestinal tract,,,
Localized Tumor,ICD-9-CM,ICD9CM,,159.1,1591,Malignant neoplasm of spleen,,,
Localized Tumor,ICD-9-CM,ICD9CM,,159.8,1598,Malignant neoplasm of other sites of digestive system and intra-abdominal organs,,,
Localized Tumor,ICD-9-CM,ICD9CM,,159.9,1599,Malignant neoplasm of ill-defined sites within the digestive organs and peritoneum,,,
Localized Tumor,ICD-9-CM,ICD9CM,,160,1600,Malignant neoplasm of nasal cavities,,,
Localized Tumor,ICD-9-CM,ICD9CM,,160.1,1601,Malignant neoplasm of auditory tube,,,
Localized Tumor,ICD-9-CM,ICD9CM,,160.2,1602,Malignant neoplasm of maxillary sinus,,,
Localized Tumor,ICD-9-CM,ICD9CM,,160.3,1603,Malignant neoplasm of ethmoidal sinus,,,
Localized Tumor,ICD-9-CM,ICD9CM,,160.4,1604,Malignant neoplasm of frontal sinus,,,
Localized Tumor,ICD-9-CM,ICD9CM,,160.5,1605,Malignant neoplasm of sphenoidal sinus,,,
Localized Tumor,ICD-9-CM,ICD9CM,,160.8,1608,Malignant neoplasm of other accessory sinuses,,,
Localized Tumor,ICD-9-CM,ICD9CM,,160.9,1609,Malignant neoplasm of accessory sinus,,,
Localized Tumor,ICD-9-CM,ICD9CM,,161,1610,Malignant neoplasm of glottis,,,
Localized Tumor,ICD-9-CM,ICD9CM,,161.1,1611,Malignant neoplasm of supraglottis,,,
Localized Tumor,ICD-9-CM,ICD9CM,,161.2,1612,Malignant neoplasm of subglottis,,,
Localized Tumor,ICD-9-CM,ICD9CM,,161.3,1613,Malignant neoplasm of laryngeal cartilages,,,
Localized Tumor,ICD-9-CM,ICD9CM,,161.8,1618,Malignant neoplasm of other specified sites of larynx,,,
Localized Tumor,ICD-9-CM,ICD9CM,,161.9,1619,Malignant neoplasm of larynx,,,
Localized Tumor,ICD-9-CM,ICD9CM,,162,1620,Malignant neoplasm of trachea,,,
Localized Tumor,ICD-9-CM,ICD9CM,,162.2,1622,Malignant neoplasm of main bronchus,,,
Localized Tumor,ICD-9-CM,ICD9CM,,162.3,1623,Malignant neoplasm of upper lobe,,,
Localized Tumor,ICD-9-CM,ICD9CM,,162.4,1624,Malignant neoplasm of middle lobe,,,
Localized Tumor,ICD-9-CM,ICD9CM,,162.5,1625,Malignant neoplasm of lower lobe,,,
Localized Tumor,ICD-9-CM,ICD9CM,,162.8,1628,Malignant neoplasm of other parts of bronchus or lung,,,
Localized Tumor,ICD-9-CM,ICD9CM,,162.9,1629,Malignant neoplasm of bronchus and lung,,,
Localized Tumor,ICD-9-CM,ICD9CM,,163,1630,Malignant neoplasm of parietal pleura,,,
Localized Tumor,ICD-9-CM,ICD9CM,,163.1,1631,Malignant neoplasm of visceral pleura,,,
Localized Tumor,ICD-9-CM,ICD9CM,,163.8,1638,Malignant neoplasm of other specified sites of pleura,,,
Localized Tumor,ICD-9-CM,ICD9CM,,163.9,1639,Malignant neoplasm of pleura,,,
Localized Tumor,ICD-9-CM,ICD9CM,,164,1640,Malignant neoplasm of thymus,,,
Localized Tumor,ICD-9-CM,ICD9CM,,164.1,1641,Malignant neoplasm of heart,,,
Localized Tumor,ICD-9-CM,ICD9CM,,164.2,1642,Malignant neoplasm of anterior mediastinum,,,
Localized Tumor,ICD-9-CM,ICD9CM,,164.3,1643,Malignant neoplasm of posterior mediastinum,,,
Localized Tumor,ICD-9-CM,ICD9CM,,164.8,1648,Malignant neoplasm of other parts of mediastinum,,,
Localized Tumor,ICD-9-CM,ICD9CM,,164.9,1649,Malignant neoplasm of mediastinum,,,
Localized Tumor,ICD-9-CM,ICD9CM,,165,1650,Malignant neoplasm of upper respiratory tract,,,
Localized Tumor,ICD-9-CM,ICD9CM,,165.8,1658,Malignant neoplasm of other sites within the respiratory system and intrathoracic organs,,,
Localized Tumor,ICD-9-CM,ICD9CM,,165.9,1659,Malignant neoplasm of ill-defined sites within the respiratory system,,,
Localized Tumor,ICD-9-CM,ICD9CM,,170,1700,Malignant neoplasm of bones of skull and face,,,
Localized Tumor,ICD-9-CM,ICD9CM,,170.1,1701,Malignant neoplasm of mandible,,,
Localized Tumor,ICD-9-CM,ICD9CM,,170.2,1702,Malignant neoplasm of vertebral column,,,
Localized Tumor,ICD-9-CM,ICD9CM,,170.3,1703,Malignant neoplasm of ribs,,,
Localized Tumor,ICD-9-CM,ICD9CM,,170.4,1704,Malignant neoplasm of scapula and long bones of upper limb,,,
Localized Tumor,ICD-9-CM,ICD9CM,,170.5,1705,Malignant neoplasm of short bones of upper limb,,,
Localized Tumor,ICD-9-CM,ICD9CM,,170.6,1706,Malignant neoplasm of pelvic bones,,,
Localized Tumor,ICD-9-CM,ICD9CM,,170.7,1707,Malignant neoplasm of long bones of lower limb,,,
Localized Tumor,ICD-9-CM,ICD9CM,,170.8,1708,Malignant neoplasm of short bones of lower limb,,,
Localized Tumor,ICD-9-CM,ICD9CM,,170.9,1709,Malignant neoplasm of bone and articular cartilage,,,
Localized Tumor,ICD-9-CM,ICD9CM,,171,1710,Malignant neoplasm of connective and other soft tissue of head,,,
Localized Tumor,ICD-9-CM,ICD9CM,,171.2,1712,Malignant neoplasm of connective and other soft tissue of upper limb,,,
Localized Tumor,ICD-9-CM,ICD9CM,,171.3,1713,Malignant neoplasm of connective and other soft tissue of lower limb,,,
Localized Tumor,ICD-9-CM,ICD9CM,,171.4,1714,Malignant neoplasm of connective and other soft tissue of thorax,,,
Localized Tumor,ICD-9-CM,ICD9CM,,171.5,1715,Malignant neoplasm of connective and other soft tissue of abdomen,,,
Localized Tumor,ICD-9-CM,ICD9CM,,171.6,1716,Malignant neoplasm of connective and other soft tissue of pelvis,,,
Localized Tumor,ICD-9-CM,ICD9CM,,171.7,1717,Malignant neoplasm of connective and other soft tissue of trunk,,,
Localized Tumor,ICD-9-CM,ICD9CM,,171.8,1718,Malignant neoplasm of other specified sites of connective and other soft tissue,,,
Localized Tumor,ICD-9-CM,ICD9CM,,171.9,1719,Malignant neoplasm of connective and other soft tissue,,,
Localized Tumor,ICD-9-CM,ICD9CM,,172,1720,Malignant melanoma of skin of lip,,,
Localized Tumor,ICD-9-CM,ICD9CM,,172.1,1721,Malignant melanoma of skin of eyelid,,,
Localized Tumor,ICD-9-CM,ICD9CM,,172.2,1722,Malignant melanoma of skin of ear and external auditory canal,,,
Localized Tumor,ICD-9-CM,ICD9CM,,172.3,1723,Malignant melanoma of skin of other and unspecified parts of face,,,
Localized Tumor,ICD-9-CM,ICD9CM,,172.4,1724,Malignant melanoma of skin of scalp and neck,,,
Localized Tumor,ICD-9-CM,ICD9CM,,172.5,1725,Malignant melanoma of skin of trunk,,,
Localized Tumor,ICD-9-CM,ICD9CM,,172.6,1726,Malignant melanoma of skin of upper limb,,,
Localized Tumor,ICD-9-CM,ICD9CM,,172.7,1727,Malignant melanoma of skin of lower limb,,,
Localized Tumor,ICD-9-CM,ICD9CM,,172.8,1728,Malignant melanoma of other specified sites of skin,,,
Localized Tumor,ICD-9-CM,ICD9CM,,172.9,1729,Melanoma of skin,,,
Localized Tumor,ICD-9-CM,ICD9CM,,174,1740,Malignant neoplasm of nipple and areola of female breast,,,
Localized Tumor,ICD-9-CM,ICD9CM,,174.1,1741,Malignant neoplasm of central portion of female breast,,,
Localized Tumor,ICD-9-CM,ICD9CM,,174.2,1742,Malignant neoplasm of upper-inner quadrant of female breast,,,
Localized Tumor,ICD-9-CM,ICD9CM,,174.3,1743,Malignant neoplasm of lower-inner quadrant of female breast,,,
Localized Tumor,ICD-9-CM,ICD9CM,,174.4,1744,Malignant neoplasm of upper-outer quadrant of female breast,,,
Localized Tumor,ICD-9-CM,ICD9CM,,174.5,1745,Malignant neoplasm of lower-outer quadrant of female breast,,,
Localized Tumor,ICD-9-CM,ICD9CM,,174.6,1746,Malignant neoplasm of axillary tail of female breast,,,
Localized Tumor,ICD-9-CM,ICD9CM,,174.8,1748,Malignant neoplasm of other specified sites of female breast,,,
Localized Tumor,ICD-9-CM,ICD9CM,,174.9,1749,Malignant neoplasm of breast (female),,,
Localized Tumor,ICD-9-CM,ICD9CM,,175,1750,Malignant neoplasm of nipple and areola of male breast,,,
Localized Tumor,ICD-9-CM,ICD9CM,,175.9,1759,Malignant neoplasm of other and unspecified sites of male breast,,,
Localized Tumor,ICD-9-CM,ICD9CM,,176,1760,Kaposi's sarcoma,,,
Localized Tumor,ICD-9-CM,ICD9CM,,176.1,1761,Kaposi's sarcoma,,,
Localized Tumor,ICD-9-CM,ICD9CM,,176.2,1762,Kaposi's sarcoma,,,
Localized Tumor,ICD-9-CM,ICD9CM,,176.3,1763,Kaposi's sarcoma,,,
Localized Tumor,ICD-9-CM,ICD9CM,,176.4,1764,Kaposi's sarcoma,,,
Localized Tumor,ICD-9-CM,ICD9CM,,176.5,1765,Kaposi's sarcoma,,,
Localized Tumor,ICD-9-CM,ICD9CM,,176.8,1768,Kaposi's sarcoma,,,
Localized Tumor,ICD-9-CM,ICD9CM,,176.9,1769,Kaposi's sarcoma,,,
Localized Tumor,ICD-9-CM,ICD9CM,,179,179,Malignant neoplasm of uterus,,,
Localized Tumor,ICD-9-CM,ICD9CM,,180,1800,Malignant neoplasm of endocervix,,,
Localized Tumor,ICD-9-CM,ICD9CM,,180.1,1801,Malignant neoplasm of exocervix,,,
Localized Tumor,ICD-9-CM,ICD9CM,,180.8,1808,Malignant neoplasm of other specified sites of cervix,,,
Localized Tumor,ICD-9-CM,ICD9CM,,180.9,1809,Malignant neoplasm of cervix uteri,,,
Localized Tumor,ICD-9-CM,ICD9CM,,181,181,Malignant neoplasm of placenta,,,
Localized Tumor,ICD-9-CM,ICD9CM,,182,1820,Malignant neoplasm of corpus uteri,,,
Localized Tumor,ICD-9-CM,ICD9CM,,182.1,1821,Malignant neoplasm of isthmus,,,
Localized Tumor,ICD-9-CM,ICD9CM,,182.8,1828,Malignant neoplasm of other specified sites of body of uterus,,,
Localized Tumor,ICD-9-CM,ICD9CM,,183,1830,Malignant neoplasm of ovary,,,
Localized Tumor,ICD-9-CM,ICD9CM,,183.2,1832,Malignant neoplasm of fallopian tube,,,
Localized Tumor,ICD-9-CM,ICD9CM,,183.3,1833,Malignant neoplasm of broad ligament of uterus,,,
Localized Tumor,ICD-9-CM,ICD9CM,,183.4,1834,Malignant neoplasm of parametrium,,,
Localized Tumor,ICD-9-CM,ICD9CM,,183.5,1835,Malignant neoplasm of round ligament of uterus,,,
Localized Tumor,ICD-9-CM,ICD9CM,,183.8,1838,Malignant neoplasm of other specified sites of uterine adnexa,,,
Localized Tumor,ICD-9-CM,ICD9CM,,183.9,1839,Malignant neoplasm of uterine adnexa,,,
Localized Tumor,ICD-9-CM,ICD9CM,,184,1840,Malignant neoplasm of vagina,,,
Localized Tumor,ICD-9-CM,ICD9CM,,184.1,1841,Malignant neoplasm of labia majora,,,
Localized Tumor,ICD-9-CM,ICD9CM,,184.2,1842,Malignant neoplasm of labia minora,,,
Localized Tumor,ICD-9-CM,ICD9CM,,184.3,1843,Malignant neoplasm of clitoris,,,
Localized Tumor,ICD-9-CM,ICD9CM,,184.4,1844,Malignant neoplasm of vulva,,,
Localized Tumor,ICD-9-CM,ICD9CM,,184.8,1848,Malignant neoplasm of other specified sites of female genital organs,,,
Localized Tumor,ICD-9-CM,ICD9CM,,184.9,1849,Malignant neoplasm of female genital organ,,,
Localized Tumor,ICD-9-CM,ICD9CM,,185,185,Malignant neoplasm of prostate,,,
Localized Tumor,ICD-9-CM,ICD9CM,,186,1860,Malignant neoplasm of undescended testis,,,
Localized Tumor,ICD-9-CM,ICD9CM,,186.9,1869,Malignant neoplasm of other and unspecified testis,,,
Localized Tumor,ICD-9-CM,ICD9CM,,187.1,1871,Malignant neoplasm of prepuce,,,
Localized Tumor,ICD-9-CM,ICD9CM,,187.2,1872,Malignant neoplasm of glans penis,,,
Localized Tumor,ICD-9-CM,ICD9CM,,187.3,1873,Malignant neoplasm of body of penis,,,
Localized Tumor,ICD-9-CM,ICD9CM,,187.4,1874,Malignant neoplasm of penis,,,
Localized Tumor,ICD-9-CM,ICD9CM,,187.5,1875,Malignant neoplasm of epididymis,,,
Localized Tumor,ICD-9-CM,ICD9CM,,187.6,1876,Malignant neoplasm of spermatic cord,,,
Localized Tumor,ICD-9-CM,ICD9CM,,187.7,1877,Malignant neoplasm of scrotum,,,
Localized Tumor,ICD-9-CM,ICD9CM,,187.8,1878,Malignant neoplasm of other specified sites of male genital organs,,,
Localized Tumor,ICD-9-CM,ICD9CM,,187.9,1879,Malignant neoplasm of male genital organ,,,
Localized Tumor,ICD-9-CM,ICD9CM,,188,1880,Malignant neoplasm of trigone of urinary bladder,,,
Localized Tumor,ICD-9-CM,ICD9CM,,188.1,1881,Malignant neoplasm of dome of urinary bladder,,,
Localized Tumor,ICD-9-CM,ICD9CM,,188.2,1882,Malignant neoplasm of lateral wall of urinary bladder,,,
Localized Tumor,ICD-9-CM,ICD9CM,,188.3,1883,Malignant neoplasm of anterior wall of urinary bladder,,,
Localized Tumor,ICD-9-CM,ICD9CM,,188.4,1884,Malignant neoplasm of posterior wall of urinary bladder,,,
Localized Tumor,ICD-9-CM,ICD9CM,,188.5,1885,Malignant neoplasm of bladder neck,,,
Localized Tumor,ICD-9-CM,ICD9CM,,188.6,1886,Malignant neoplasm of ureteric orifice,,,
Localized Tumor,ICD-9-CM,ICD9CM,,188.7,1887,Malignant neoplasm of urachus,,,
Localized Tumor,ICD-9-CM,ICD9CM,,188.8,1888,Malignant neoplasm of other specified sites of bladder,,,
Localized Tumor,ICD-9-CM,ICD9CM,,188.9,1889,Malignant neoplasm of bladder,,,
Localized Tumor,ICD-9-CM,ICD9CM,,189,1890,Malignant neoplasm of kidney,,,
Localized Tumor,ICD-9-CM,ICD9CM,,189.1,1891,Malignant neoplasm of renal pelvis,,,
Localized Tumor,ICD-9-CM,ICD9CM,,189.2,1892,Malignant neoplasm of ureter,,,
Localized Tumor,ICD-9-CM,ICD9CM,,189.3,1893,Malignant neoplasm of urethra,,,
Localized Tumor,ICD-9-CM,ICD9CM,,189.4,1894,Malignant neoplasm of paraurethral glands,,,
Localized Tumor,ICD-9-CM,ICD9CM,,189.8,1898,Malignant neoplasm of other specified sites of urinary organs,,,
Localized Tumor,ICD-9-CM,ICD9CM,,189.9,1899,Malignant neoplasm of urinary organ,,,
Localized Tumor,ICD-9-CM,ICD9CM,,190,1900,Malignant neoplasm of eyeball,,,
Localized Tumor,ICD-9-CM,ICD9CM,,190.1,1901,Malignant neoplasm of orbit,,,
Localized Tumor,ICD-9-CM,ICD9CM,,190.2,1902,Malignant neoplasm of lacrimal gland,,,
Localized Tumor,ICD-9-CM,ICD9CM,,190.3,1903,Malignant neoplasm of conjunctiva,,,
Localized Tumor,ICD-9-CM,ICD9CM,,190.4,1904,Malignant neoplasm of cornea,,,
Localized Tumor,ICD-9-CM,ICD9CM,,190.5,1905,Malignant neoplasm of retina,,,
Localized Tumor,ICD-9-CM,ICD9CM,,190.6,1906,Malignant neoplasm of choroid,,,
Localized Tumor,ICD-9-CM,ICD9CM,,190.7,1907,Malignant neoplasm of lacrimal duct,,,
Localized Tumor,ICD-9-CM,ICD9CM,,190.8,1908,Malignant neoplasm of other specified sites of eye,,,
Localized Tumor,ICD-9-CM,ICD9CM,,190.9,1909,Malignant neoplasm of eye,,,
Localized Tumor,ICD-9-CM,ICD9CM,,191,1910,Malignant neoplasm of cerebrum,,,
Localized Tumor,ICD-9-CM,ICD9CM,,191.1,1911,Malignant neoplasm of frontal lobe,,,
Localized Tumor,ICD-9-CM,ICD9CM,,191.2,1912,Malignant neoplasm of temporal lobe,,,
Localized Tumor,ICD-9-CM,ICD9CM,,191.3,1913,Malignant neoplasm of parietal lobe,,,
Localized Tumor,ICD-9-CM,ICD9CM,,191.4,1914,Malignant neoplasm of occipital lobe,,,
Localized Tumor,ICD-9-CM,ICD9CM,,191.5,1915,Malignant neoplasm of ventricles,,,
Localized Tumor,ICD-9-CM,ICD9CM,,191.6,1916,Malignant neoplasm of cerebellum nos,,,
Localized Tumor,ICD-9-CM,ICD9CM,,191.7,1917,Malignant neoplasm of brain stem,,,
Localized Tumor,ICD-9-CM,ICD9CM,,191.8,1918,Malignant neoplasm of other parts of brain,,,
Localized Tumor,ICD-9-CM,ICD9CM,,191.9,1919,Malignant neoplasm of brain,,,
Localized Tumor,ICD-9-CM,ICD9CM,,192,1920,Malignant neoplasm of cranial nerves,,,
Localized Tumor,ICD-9-CM,ICD9CM,,192.1,1921,Malignant neoplasm of cerebral meninges,,,
Localized Tumor,ICD-9-CM,ICD9CM,,192.2,1922,Malignant neoplasm of spinal cord,,,
Localized Tumor,ICD-9-CM,ICD9CM,,192.3,1923,Malignant neoplasm of spinal meninges,,,
Localized Tumor,ICD-9-CM,ICD9CM,,192.8,1928,Malignant neoplasm of other specified sites of nervous system,,,
Localized Tumor,ICD-9-CM,ICD9CM,,192.9,1929,Malignant neoplasm of nervous system,,,
Localized Tumor,ICD-9-CM,ICD9CM,,193,193,Malignant neoplasm of thyroid gland,,,
Localized Tumor,ICD-9-CM,ICD9CM,,194,1940,Malignant neoplasm of adrenal gland,,,
Localized Tumor,ICD-9-CM,ICD9CM,,194.1,1941,Malignant neoplasm of parathyroid gland,,,
Localized Tumor,ICD-9-CM,ICD9CM,,194.3,1943,Malignant neoplasm of pituitary gland and craniopharyngeal duct,,,
Localized Tumor,ICD-9-CM,ICD9CM,,194.4,1944,Malignant neoplasm of pineal gland,,,
Localized Tumor,ICD-9-CM,ICD9CM,,194.5,1945,Malignant neoplasm of carotid body,,,
Localized Tumor,ICD-9-CM,ICD9CM,,194.6,1946,Malignant neoplasm of aortic body and other paraganglia,,,
Localized Tumor,ICD-9-CM,ICD9CM,,194.8,1948,Malignant neoplasm of other endocrine glands and related structures,,,
Localized Tumor,ICD-9-CM,ICD9CM,,194.9,1949,Malignant neoplasm of endocrine gland,,,
Localized Tumor,ICD-9-CM,ICD9CM,,195,1950,Malignant neoplasm of head,,,
Localized Tumor,ICD-9-CM,ICD9CM,,195.1,1951,Malignant neoplasm of thorax,,,
Localized Tumor,ICD-9-CM,ICD9CM,,195.2,1952,Malignant neoplasm of abdomen,,,
Localized Tumor,ICD-9-CM,ICD9CM,,195.3,1953,Malignant neoplasm of pelvis,,,
Localized Tumor,ICD-9-CM,ICD9CM,,195.4,1954,Malignant neoplasm of upper limb,,,
Localized Tumor,ICD-9-CM,ICD9CM,,195.5,1955,Malignant neoplasm of lower limb,,,
Localized Tumor,ICD-9-CM,ICD9CM,,195.8,1958,Malignant neoplasm of other specified sites,,,
Localized Tumor,ICD-9-CM,ICD9CM,,200,20000,Reticulosarcoma,,,
Localized Tumor,ICD-9-CM,ICD9CM,,200.01,20001,Reticulosarcoma,,,
Localized Tumor,ICD-9-CM,ICD9CM,,200.02,20002,Reticulosarcoma,,,
Localized Tumor,ICD-9-CM,ICD9CM,,200.03,20003,Reticulosarcoma,,,
Localized Tumor,ICD-9-CM,ICD9CM,,200.04,20004,Reticulosarcoma,,,
Localized Tumor,ICD-9-CM,ICD9CM,,200.05,20005,Reticulosarcoma,,,
Localized Tumor,ICD-9-CM,ICD9CM,,200.06,20006,Reticulosarcoma,,,
Localized Tumor,ICD-9-CM,ICD9CM,,200.07,20007,Reticulosarcoma,,,
Localized Tumor,ICD-9-CM,ICD9CM,,200.08,20008,Reticulosarcoma,,,
Localized Tumor,ICD-9-CM,ICD9CM,,200.1,20010,Lymphosarcoma,,,
Localized Tumor,ICD-9-CM,ICD9CM,,200.11,20011,Lymphosarcoma,,,
Localized Tumor,ICD-9-CM,ICD9CM,,200.12,20012,Lymphosarcoma,,,
Localized Tumor,ICD-9-CM,ICD9CM,,200.13,20013,Lymphosarcoma,,,
Localized Tumor,ICD-9-CM,ICD9CM,,200.14,20014,Lymphosarcoma,,,
Localized Tumor,ICD-9-CM,ICD9CM,,200.15,20015,Lymphosarcoma,,,
Localized Tumor,ICD-9-CM,ICD9CM,,200.16,20016,Lymphosarcoma,,,
Localized Tumor,ICD-9-CM,ICD9CM,,200.17,20017,Lymphosarcoma,,,
Localized Tumor,ICD-9-CM,ICD9CM,,200.18,20018,Lymphosarcoma,,,
Localized Tumor,ICD-9-CM,ICD9CM,,200.2,20020,Burkitt's tumor or lymphoma,,,
Localized Tumor,ICD-9-CM,ICD9CM,,200.21,20021,Burkitt's tumor or lymphoma,,,
Localized Tumor,ICD-9-CM,ICD9CM,,200.22,20022,Burkitt's tumor or lymphoma,,,
Localized Tumor,ICD-9-CM,ICD9CM,,200.23,20023,Burkitt's tumor or lymphoma,,,
Localized Tumor,ICD-9-CM,ICD9CM,,200.24,20024,Burkitt's tumor or lymphoma,,,
Localized Tumor,ICD-9-CM,ICD9CM,,200.25,20025,Burkitt's tumor or lymphoma,,,
Localized Tumor,ICD-9-CM,ICD9CM,,200.26,20026,Burkitt's tumor or lymphoma,,,
Localized Tumor,ICD-9-CM,ICD9CM,,200.27,20027,Burkitt's tumor or lymphoma,,,
Localized Tumor,ICD-9-CM,ICD9CM,,200.28,20028,Burkitt's tumor or lymphoma,,,
Localized Tumor,ICD-9-CM,ICD9CM,,200.3,20030,Marginal zone lymphoma,,,
Localized Tumor,ICD-9-CM,ICD9CM,,200.31,20031,Marginal zone lymphoma,,,
Localized Tumor,ICD-9-CM,ICD9CM,,200.32,20032,Marginal zone lymphoma,,,
Localized Tumor,ICD-9-CM,ICD9CM,,200.33,20033,Marginal zone lymphoma,,,
Localized Tumor,ICD-9-CM,ICD9CM,,200.34,20034,Marginal zone lymphoma,,,
Localized Tumor,ICD-9-CM,ICD9CM,,200.35,20035,Marginal zone lymphoma,,,
Localized Tumor,ICD-9-CM,ICD9CM,,200.36,20036,Marginal zone lymphoma,,,
Localized Tumor,ICD-9-CM,ICD9CM,,200.37,20037,Marginal zone lymphoma,,,
Localized Tumor,ICD-9-CM,ICD9CM,,200.38,20038,Marginal zone lymphoma,,,
Localized Tumor,ICD-9-CM,ICD9CM,,200.4,20040,Mantle cell lymphoma,,,
Localized Tumor,ICD-9-CM,ICD9CM,,200.41,20041,Mantle cell lymphoma,,,
Localized Tumor,ICD-9-CM,ICD9CM,,200.42,20042,Mantle cell lymphoma,,,
Localized Tumor,ICD-9-CM,ICD9CM,,200.43,20043,Mantle cell lymphoma,,,
Localized Tumor,ICD-9-CM,ICD9CM,,200.44,20044,Mantle cell lymphoma,,,
Localized Tumor,ICD-9-CM,ICD9CM,,200.45,20045,Mantle cell lymphoma,,,
Localized Tumor,ICD-9-CM,ICD9CM,,200.46,20046,Mantle cell lymphoma,,,
Localized Tumor,ICD-9-CM,ICD9CM,,200.47,20047,Mantle cell lymphoma,,,
Localized Tumor,ICD-9-CM,ICD9CM,,200.48,20048,Mantle cell lymphoma,,,
Localized Tumor,ICD-9-CM,ICD9CM,,200.5,20050,Primary central nervous system lymphoma,,,
Localized Tumor,ICD-9-CM,ICD9CM,,200.51,20051,Primary central nervous system lymphoma,,,
Localized Tumor,ICD-9-CM,ICD9CM,,200.52,20052,Primary central nervous system lymphoma,,,
Localized Tumor,ICD-9-CM,ICD9CM,,200.53,20053,Primary central nervous system lymphoma,,,
Localized Tumor,ICD-9-CM,ICD9CM,,200.54,20054,Primary central nervous system lymphoma,,,
Localized Tumor,ICD-9-CM,ICD9CM,,200.55,20055,Primary central nervous system lymphoma,,,
Localized Tumor,ICD-9-CM,ICD9CM,,200.56,20056,Primary central nervous system lymphoma,,,
Localized Tumor,ICD-9-CM,ICD9CM,,200.57,20057,Primary central nervous system lymphoma,,,
Localized Tumor,ICD-9-CM,ICD9CM,,200.58,20058,Primary central nervous system lymphoma,,,
Localized Tumor,ICD-9-CM,ICD9CM,,200.6,20060,Anaplastic large cell lymphoma,,,
Localized Tumor,ICD-9-CM,ICD9CM,,200.61,20061,Anaplastic large cell lymphoma,,,
Localized Tumor,ICD-9-CM,ICD9CM,,200.62,20062,Anaplastic large cell lymphoma,,,
Localized Tumor,ICD-9-CM,ICD9CM,,200.63,20063,Anaplastic large cell lymphoma,,,
Localized Tumor,ICD-9-CM,ICD9CM,,200.64,20064,Anaplastic large cell lymphoma,,,
Localized Tumor,ICD-9-CM,ICD9CM,,200.65,20065,Anaplastic large cell lymphoma,,,
Localized Tumor,ICD-9-CM,ICD9CM,,200.66,20066,Anaplastic large cell lymphoma,,,
Localized Tumor,ICD-9-CM,ICD9CM,,200.67,20067,Anaplastic large cell lymphoma,,,
Localized Tumor,ICD-9-CM,ICD9CM,,200.68,20068,Anaplastic large cell lymphoma,,,
Localized Tumor,ICD-9-CM,ICD9CM,,200.7,20070,Large cell lymphoma,,,
Localized Tumor,ICD-9-CM,ICD9CM,,200.71,20071,Large cell lymphoma,,,
Localized Tumor,ICD-9-CM,ICD9CM,,200.72,20072,Large cell lymphoma,,,
Localized Tumor,ICD-9-CM,ICD9CM,,200.73,20073,Large cell lymphoma,,,
Localized Tumor,ICD-9-CM,ICD9CM,,200.74,20074,Large cell lymphoma,,,
Localized Tumor,ICD-9-CM,ICD9CM,,200.75,20075,Large cell lymphoma,,,
Localized Tumor,ICD-9-CM,ICD9CM,,200.76,20076,Large cell lymphoma,,,
Localized Tumor,ICD-9-CM,ICD9CM,,200.77,20077,Large cell lymphoma,,,
Localized Tumor,ICD-9-CM,ICD9CM,,200.78,20078,Large cell lymphoma,,,
Localized Tumor,ICD-9-CM,ICD9CM,,200.8,20080,Other named variants of lymphosarcoma and reticulosarcoma,,,
Localized Tumor,ICD-9-CM,ICD9CM,,200.81,20081,Other named variants of lymphosarcoma and reticulosarcoma,,,
Localized Tumor,ICD-9-CM,ICD9CM,,200.82,20082,Other named variants of lymphosarcoma and reticulosarcoma,,,
Localized Tumor,ICD-9-CM,ICD9CM,,200.83,20083,Other named variants of lymphosarcoma and reticulosarcoma,,,
Localized Tumor,ICD-9-CM,ICD9CM,,200.84,20084,Other named variants of lymphosarcoma and reticulosarcoma,,,
Localized Tumor,ICD-9-CM,ICD9CM,,200.85,20085,Other named variants of lymphosarcoma and reticulosarcoma,,,
Localized Tumor,ICD-9-CM,ICD9CM,,200.86,20086,Other named variants of lymphosarcoma and reticulosarcoma,,,
Localized Tumor,ICD-9-CM,ICD9CM,,200.87,20087,Other named variants of lymphosarcoma and reticulosarcoma,,,
Localized Tumor,ICD-9-CM,ICD9CM,,200.88,20088,Other named variants of lymphosarcoma and reticulosarcoma,,,
Localized Tumor,ICD-9-CM,ICD9CM,,201,20100,Hodgkin's paragranuloma,,,
Localized Tumor,ICD-9-CM,ICD9CM,,201.01,20101,Hodgkin's paragranuloma,,,
Localized Tumor,ICD-9-CM,ICD9CM,,201.02,20102,Hodgkin's paragranuloma,,,
Localized Tumor,ICD-9-CM,ICD9CM,,201.03,20103,Hodgkin's paragranuloma,,,
Localized Tumor,ICD-9-CM,ICD9CM,,201.04,20104,Hodgkin's paragranuloma,,,
Localized Tumor,ICD-9-CM,ICD9CM,,201.05,20105,Hodgkin's paragranuloma,,,
Localized Tumor,ICD-9-CM,ICD9CM,,201.06,20106,Hodgkin's paragranuloma,,,
Localized Tumor,ICD-9-CM,ICD9CM,,201.07,20107,Hodgkin's paragranuloma,,,
Localized Tumor,ICD-9-CM,ICD9CM,,201.08,20108,Hodgkin's paragranuloma,,,
Localized Tumor,ICD-9-CM,ICD9CM,,201.1,20110,Hodgkin's granuloma,,,
Localized Tumor,ICD-9-CM,ICD9CM,,201.11,20111,Hodgkin's granuloma,,,
Localized Tumor,ICD-9-CM,ICD9CM,,201.12,20112,Hodgkin's granuloma,,,
Localized Tumor,ICD-9-CM,ICD9CM,,201.13,20113,Hodgkin's granuloma,,,
Localized Tumor,ICD-9-CM,ICD9CM,,201.14,20114,Hodgkin's granuloma,,,
Localized Tumor,ICD-9-CM,ICD9CM,,201.15,20115,Hodgkin's granuloma,,,
Localized Tumor,ICD-9-CM,ICD9CM,,201.16,20116,Hodgkin's granuloma,,,
Localized Tumor,ICD-9-CM,ICD9CM,,201.17,20117,Hodgkin's granuloma,,,
Localized Tumor,ICD-9-CM,ICD9CM,,201.18,20118,Hodgkin's granuloma,,,
Localized Tumor,ICD-9-CM,ICD9CM,,201.2,20120,Hodgkin's sarcoma,,,
Localized Tumor,ICD-9-CM,ICD9CM,,201.21,20121,Hodgkin's sarcoma,,,
Localized Tumor,ICD-9-CM,ICD9CM,,201.22,20122,Hodgkin's sarcoma,,,
Localized Tumor,ICD-9-CM,ICD9CM,,201.23,20123,Hodgkin's sarcoma,,,
Localized Tumor,ICD-9-CM,ICD9CM,,201.24,20124,Hodgkin's sarcoma,,,
Localized Tumor,ICD-9-CM,ICD9CM,,201.25,20125,Hodgkin's sarcoma,,,
Localized Tumor,ICD-9-CM,ICD9CM,,201.26,20126,Hodgkin's sarcoma,,,
Localized Tumor,ICD-9-CM,ICD9CM,,201.27,20127,Hodgkin's sarcoma,,,
Localized Tumor,ICD-9-CM,ICD9CM,,201.28,20128,Hodgkin's sarcoma,,,
Localized Tumor,ICD-9-CM,ICD9CM,,201.4,20140,Hodgkin's disease,,,
Localized Tumor,ICD-9-CM,ICD9CM,,201.41,20141,Hodgkin's disease,,,
Localized Tumor,ICD-9-CM,ICD9CM,,201.42,20142,Hodgkin's disease,,,
Localized Tumor,ICD-9-CM,ICD9CM,,201.43,20143,Hodgkin's disease,,,
Localized Tumor,ICD-9-CM,ICD9CM,,201.44,20144,Hodgkin's disease,,,
Localized Tumor,ICD-9-CM,ICD9CM,,201.45,20145,Hodgkin's disease,,,
Localized Tumor,ICD-9-CM,ICD9CM,,201.46,20146,Hodgkin's disease,,,
Localized Tumor,ICD-9-CM,ICD9CM,,201.47,20147,Hodgkin's disease,,,
Localized Tumor,ICD-9-CM,ICD9CM,,201.48,20148,Hodgkin's disease,,,
Localized Tumor,ICD-9-CM,ICD9CM,,201.5,20150,Hodgkin's disease,,,
Localized Tumor,ICD-9-CM,ICD9CM,,201.51,20151,Hodgkin's disease,,,
Localized Tumor,ICD-9-CM,ICD9CM,,201.52,20152,Hodgkin's disease,,,
Localized Tumor,ICD-9-CM,ICD9CM,,201.53,20153,Hodgkin's disease,,,
Localized Tumor,ICD-9-CM,ICD9CM,,201.54,20154,Hodgkin's disease,,,
Localized Tumor,ICD-9-CM,ICD9CM,,201.55,20155,Hodgkin's disease,,,
Localized Tumor,ICD-9-CM,ICD9CM,,201.56,20156,Hodgkin's disease,,,
Localized Tumor,ICD-9-CM,ICD9CM,,201.57,20157,Hodgkin's disease,,,
Localized Tumor,ICD-9-CM,ICD9CM,,201.58,20158,Hodgkin's disease,,,
Localized Tumor,ICD-9-CM,ICD9CM,,201.6,20160,Hodgkin's disease,,,
Localized Tumor,ICD-9-CM,ICD9CM,,201.61,20161,Hodgkin's disease,,,
Localized Tumor,ICD-9-CM,ICD9CM,,201.62,20162,Hodgkin's disease,,,
Localized Tumor,ICD-9-CM,ICD9CM,,201.63,20163,Hodgkin's disease,,,
Localized Tumor,ICD-9-CM,ICD9CM,,201.64,20164,Hodgkin's disease,,,
Localized Tumor,ICD-9-CM,ICD9CM,,201.65,20165,Hodgkin's disease,,,
Localized Tumor,ICD-9-CM,ICD9CM,,201.66,20166,Hodgkin's disease,,,
Localized Tumor,ICD-9-CM,ICD9CM,,201.67,20167,Hodgkin's disease,,,
Localized Tumor,ICD-9-CM,ICD9CM,,201.68,20168,Hodgkin's disease,,,
Localized Tumor,ICD-9-CM,ICD9CM,,201.7,20170,Hodgkin's disease,,,
Localized Tumor,ICD-9-CM,ICD9CM,,201.71,20171,Hodgkin's disease,,,
Localized Tumor,ICD-9-CM,ICD9CM,,201.72,20172,Hodgkin's disease,,,
Localized Tumor,ICD-9-CM,ICD9CM,,201.73,20173,Hodgkin's disease,,,
Localized Tumor,ICD-9-CM,ICD9CM,,201.74,20174,Hodgkin's disease,,,
Localized Tumor,ICD-9-CM,ICD9CM,,201.75,20175,Hodgkin's disease,,,
Localized Tumor,ICD-9-CM,ICD9CM,,201.76,20176,Hodgkin's disease,,,
Localized Tumor,ICD-9-CM,ICD9CM,,201.77,20177,Hodgkin's disease,,,
Localized Tumor,ICD-9-CM,ICD9CM,,201.78,20178,Hodgkin's disease,,,
Localized Tumor,ICD-9-CM,ICD9CM,,201.9,20190,Hodgkin's disease,,,
Localized Tumor,ICD-9-CM,ICD9CM,,201.91,20191,Hodgkin's disease,,,
Localized Tumor,ICD-9-CM,ICD9CM,,201.92,20192,Hodgkin's disease,,,
Localized Tumor,ICD-9-CM,ICD9CM,,201.93,20193,Hodgkin's disease,,,
Localized Tumor,ICD-9-CM,ICD9CM,,201.94,20194,Hodgkin's disease,,,
Localized Tumor,ICD-9-CM,ICD9CM,,201.95,20195,Hodgkin's disease,,,
Localized Tumor,ICD-9-CM,ICD9CM,,201.96,20196,Hodgkin's disease,,,
Localized Tumor,ICD-9-CM,ICD9CM,,201.97,20197,Hodgkin's disease,,,
Localized Tumor,ICD-9-CM,ICD9CM,,201.98,20198,Hodgkin's disease,,,
Localized Tumor,ICD-9-CM,ICD9CM,,202,20200,Nodular lymphoma,,,
Localized Tumor,ICD-9-CM,ICD9CM,,202.01,20201,Nodular lymphoma,,,
Localized Tumor,ICD-9-CM,ICD9CM,,202.02,20202,Nodular lymphoma,,,
Localized Tumor,ICD-9-CM,ICD9CM,,202.03,20203,Nodular lymphoma,,,
Localized Tumor,ICD-9-CM,ICD9CM,,202.04,20204,Nodular lymphoma,,,
Localized Tumor,ICD-9-CM,ICD9CM,,202.05,20205,Nodular lymphoma,,,
Localized Tumor,ICD-9-CM,ICD9CM,,202.06,20206,Nodular lymphoma,,,
Localized Tumor,ICD-9-CM,ICD9CM,,202.07,20207,Nodular lymphoma,,,
Localized Tumor,ICD-9-CM,ICD9CM,,202.08,20208,Nodular lymphoma,,,
Localized Tumor,ICD-9-CM,ICD9CM,,202.1,20210,Mycosis fungoides,,,
Localized Tumor,ICD-9-CM,ICD9CM,,202.11,20211,Mycosis fungoides,,,
Localized Tumor,ICD-9-CM,ICD9CM,,202.12,20212,Mycosis fungoides,,,
Localized Tumor,ICD-9-CM,ICD9CM,,202.13,20213,Mycosis fungoides,,,
Localized Tumor,ICD-9-CM,ICD9CM,,202.14,20214,Mycosis fungoides,,,
Localized Tumor,ICD-9-CM,ICD9CM,,202.15,20215,Mycosis fungoides,,,
Localized Tumor,ICD-9-CM,ICD9CM,,202.16,20216,Mycosis fungoides,,,
Localized Tumor,ICD-9-CM,ICD9CM,,202.17,20217,Mycosis fungoides,,,
Localized Tumor,ICD-9-CM,ICD9CM,,202.18,20218,Mycosis fungoides,,,
Localized Tumor,ICD-9-CM,ICD9CM,,202.2,20220,Sezary's disease,,,
Localized Tumor,ICD-9-CM,ICD9CM,,202.21,20221,Sezary's disease,,,
Localized Tumor,ICD-9-CM,ICD9CM,,202.22,20222,Sezary's disease,,,
Localized Tumor,ICD-9-CM,ICD9CM,,202.23,20223,Sezary's disease,,,
Localized Tumor,ICD-9-CM,ICD9CM,,202.24,20224,Sezary's disease,,,
Localized Tumor,ICD-9-CM,ICD9CM,,202.25,20225,Sezary's disease,,,
Localized Tumor,ICD-9-CM,ICD9CM,,202.26,20226,Sezary's disease,,,
Localized Tumor,ICD-9-CM,ICD9CM,,202.27,20227,Sezary's disease,,,
Localized Tumor,ICD-9-CM,ICD9CM,,202.28,20228,Sezary's disease,,,
Localized Tumor,ICD-9-CM,ICD9CM,,202.3,20230,Malignant histiocytosis,,,
Localized Tumor,ICD-9-CM,ICD9CM,,202.31,20231,Malignant histiocytosis,,,
Localized Tumor,ICD-9-CM,ICD9CM,,202.32,20232,Malignant histiocytosis,,,
Localized Tumor,ICD-9-CM,ICD9CM,,202.33,20233,Malignant histiocytosis,,,
Localized Tumor,ICD-9-CM,ICD9CM,,202.34,20234,Malignant histiocytosis,,,
Localized Tumor,ICD-9-CM,ICD9CM,,202.35,20235,Malignant histiocytosis,,,
Localized Tumor,ICD-9-CM,ICD9CM,,202.36,20236,Malignant histiocytosis,,,
Localized Tumor,ICD-9-CM,ICD9CM,,202.37,20237,Malignant histiocytosis,,,
Localized Tumor,ICD-9-CM,ICD9CM,,202.38,20238,Malignant histiocytosis,,,
Localized Tumor,ICD-9-CM,ICD9CM,,202.4,20240,Leukemic reticuloendotheliosis,,,
Localized Tumor,ICD-9-CM,ICD9CM,,202.41,20241,Leukemic reticuloendotheliosis,,,
Localized Tumor,ICD-9-CM,ICD9CM,,202.42,20242,Leukemic reticuloendotheliosis,,,
Localized Tumor,ICD-9-CM,ICD9CM,,202.43,20243,Leukemic reticuloendotheliosis,,,
Localized Tumor,ICD-9-CM,ICD9CM,,202.44,20244,Leukemic reticuloendotheliosis,,,
Localized Tumor,ICD-9-CM,ICD9CM,,202.45,20245,Leukemic reticuloendotheliosis,,,
Localized Tumor,ICD-9-CM,ICD9CM,,202.46,20246,Leukemic reticuloendotheliosis,,,
Localized Tumor,ICD-9-CM,ICD9CM,,202.47,20247,Leukemic reticuloendotheliosis,,,
Localized Tumor,ICD-9-CM,ICD9CM,,202.48,20248,Leukemic reticuloendotheliosis,,,
Localized Tumor,ICD-9-CM,ICD9CM,,202.5,20250,Letterer-siwe disease,,,
Localized Tumor,ICD-9-CM,ICD9CM,,202.51,20251,Letterer-siwe disease,,,
Localized Tumor,ICD-9-CM,ICD9CM,,202.52,20252,Letterer-siwe disease,,,
Localized Tumor,ICD-9-CM,ICD9CM,,202.53,20253,Letterer-siwe disease,,,
Localized Tumor,ICD-9-CM,ICD9CM,,202.54,20254,Letterer-siwe disease,,,
Localized Tumor,ICD-9-CM,ICD9CM,,202.55,20255,Letterer-siwe disease,,,
Localized Tumor,ICD-9-CM,ICD9CM,,202.56,20256,Letterer-siwe disease,,,
Localized Tumor,ICD-9-CM,ICD9CM,,202.57,20257,Letterer-siwe disease,,,
Localized Tumor,ICD-9-CM,ICD9CM,,202.58,20258,Letterer-siwe disease,,,
Localized Tumor,ICD-9-CM,ICD9CM,,202.6,20260,Malignant mast cell tumors,,,
Localized Tumor,ICD-9-CM,ICD9CM,,202.61,20261,Malignant mast cell tumors,,,
Localized Tumor,ICD-9-CM,ICD9CM,,202.62,20262,Malignant mast cell tumors,,,
Localized Tumor,ICD-9-CM,ICD9CM,,202.63,20263,Malignant mast cell tumors,,,
Localized Tumor,ICD-9-CM,ICD9CM,,202.64,20264,Malignant mast cell tumors,,,
Localized Tumor,ICD-9-CM,ICD9CM,,202.65,20265,Malignant mast cell tumors,,,
Localized Tumor,ICD-9-CM,ICD9CM,,202.66,20266,Malignant mast cell tumors,,,
Localized Tumor,ICD-9-CM,ICD9CM,,202.67,20267,Malignant mast cell tumors,,,
Localized Tumor,ICD-9-CM,ICD9CM,,202.68,20268,Malignant mast cell tumors,,,
Localized Tumor,ICD-9-CM,ICD9CM,,202.7,20270,Peripheral T cell lymphoma,,,
Localized Tumor,ICD-9-CM,ICD9CM,,202.71,20271,Peripheral T cell lymphoma,,,
Localized Tumor,ICD-9-CM,ICD9CM,,202.72,20272,Peripheral T cell lymphoma,,,
Localized Tumor,ICD-9-CM,ICD9CM,,202.73,20273,Peripheral T cell lymphoma,,,
Localized Tumor,ICD-9-CM,ICD9CM,,202.74,20274,Peripheral T cell lymphoma,,,
Localized Tumor,ICD-9-CM,ICD9CM,,202.75,20275,Peripheral T cell lymphoma,,,
Localized Tumor,ICD-9-CM,ICD9CM,,202.76,20276,Peripheral T cell lymphoma,,,
Localized Tumor,ICD-9-CM,ICD9CM,,202.77,20277,Peripheral T cell lymphoma,,,
Localized Tumor,ICD-9-CM,ICD9CM,,202.78,20278,Peripheral T cell lymphoma,,,
Localized Tumor,ICD-9-CM,ICD9CM,,202.8,20280,Other malignant lymphomas,,,
Localized Tumor,ICD-9-CM,ICD9CM,,202.81,20281,Other malignant lymphomas,,,
Localized Tumor,ICD-9-CM,ICD9CM,,202.82,20282,Other malignant lymphomas,,,
Localized Tumor,ICD-9-CM,ICD9CM,,202.83,20283,Other malignant lymphomas,,,
Localized Tumor,ICD-9-CM,ICD9CM,,202.84,20284,Other malignant lymphomas,,,
Localized Tumor,ICD-9-CM,ICD9CM,,202.85,20285,Other malignant lymphomas,,,
Localized Tumor,ICD-9-CM,ICD9CM,,202.86,20286,Other malignant lymphomas,,,
Localized Tumor,ICD-9-CM,ICD9CM,,202.87,20287,Other malignant lymphomas,,,
Localized Tumor,ICD-9-CM,ICD9CM,,202.88,20288,Other malignant lymphomas,,,
Localized Tumor,ICD-9-CM,ICD9CM,,202.9,20290,Other and unspecified malignant neoplasms of lymphoid and histiocytic tissue,,,
Localized Tumor,ICD-9-CM,ICD9CM,,202.91,20291,Other and unspecified malignant neoplasms of lymphoid and histiocytic tissue,,,
Localized Tumor,ICD-9-CM,ICD9CM,,202.92,20292,Other and unspecified malignant neoplasms of lymphoid and histiocytic tissue,,,
Localized Tumor,ICD-9-CM,ICD9CM,,202.93,20293,Other and unspecified malignant neoplasms of lymphoid and histiocytic tissue,,,
Localized Tumor,ICD-9-CM,ICD9CM,,202.94,20294,Other and unspecified malignant neoplasms of lymphoid and histiocytic tissue,,,
Localized Tumor,ICD-9-CM,ICD9CM,,202.95,20295,Other and unspecified malignant neoplasms of lymphoid and histiocytic tissue,,,
Localized Tumor,ICD-9-CM,ICD9CM,,202.96,20296,Other and unspecified malignant neoplasms of lymphoid and histiocytic tissue,,,
Localized Tumor,ICD-9-CM,ICD9CM,,202.97,20297,Other and unspecified malignant neoplasms of lymphoid and histiocytic tissue,,,
Localized Tumor,ICD-9-CM,ICD9CM,,202.98,20298,Other and unspecified malignant neoplasms of lymphoid and histiocytic tissue,,,
Localized Tumor,ICD-9-CM,ICD9CM,,203,20300,Multiple myeloma,,,
Localized Tumor,ICD-9-CM,ICD9CM,,203.01,20301,Multiple myeloma,,,
Localized Tumor,ICD-9-CM,ICD9CM,,203.02,20302,Multiple myeloma,,,
Localized Tumor,ICD-9-CM,ICD9CM,,203.1,20310,Plasma cell leukemia,,,
Localized Tumor,ICD-9-CM,ICD9CM,,203.11,20311,Plasma cell leukemia,,,
Localized Tumor,ICD-9-CM,ICD9CM,,203.12,20312,Plasma cell leukemia,,,
Localized Tumor,ICD-9-CM,ICD9CM,,203.8,20380,Other immunoproliferative neoplasms,,,
Localized Tumor,ICD-9-CM,ICD9CM,,203.81,20381,Other immunoproliferative neoplasms,,,
Localized Tumor,ICD-9-CM,ICD9CM,,203.82,20382,Other immunoproliferative neoplasms,,,
Localized Tumor,ICD-9-CM,ICD9CM,,204,20400,Acute lymphoid leukemia,,,
Localized Tumor,ICD-9-CM,ICD9CM,,204.01,20401,Acute lymphoid leukemia,,,
Localized Tumor,ICD-9-CM,ICD9CM,,204.02,20402,Acute lymphoid leukemia,,,
Localized Tumor,ICD-9-CM,ICD9CM,,204.1,20410,Chronic lymphoid leukemia,,,
Localized Tumor,ICD-9-CM,ICD9CM,,204.11,20411,Chronic lymphoid leukemia,,,
Localized Tumor,ICD-9-CM,ICD9CM,,204.12,20412,Chronic lymphoid leukemia,,,
Localized Tumor,ICD-9-CM,ICD9CM,,204.2,20420,Subacute lymphoid leukemia,,,
Localized Tumor,ICD-9-CM,ICD9CM,,204.21,20421,Subacute lymphoid leukemia,,,
Localized Tumor,ICD-9-CM,ICD9CM,,204.22,20422,Subacute lymphoid leukemia,,,
Localized Tumor,ICD-9-CM,ICD9CM,,204.8,20480,Other lymphoid leukemia,,,
Localized Tumor,ICD-9-CM,ICD9CM,,204.81,20481,Other lymphoid leukemia,,,
Localized Tumor,ICD-9-CM,ICD9CM,,204.82,20482,Other lymphoid leukemia,,,
Localized Tumor,ICD-9-CM,ICD9CM,,204.9,20490,Unspecified lymphoid leukemia,,,
Localized Tumor,ICD-9-CM,ICD9CM,,204.91,20491,Unspecified lymphoid leukemia,,,
Localized Tumor,ICD-9-CM,ICD9CM,,204.92,20492,Unspecified lymphoid leukemia,,,
Localized Tumor,ICD-9-CM,ICD9CM,,205,20500,Acute myeloid leukemia,,,
Localized Tumor,ICD-9-CM,ICD9CM,,205.01,20501,Acute myeloid leukemia,,,
Localized Tumor,ICD-9-CM,ICD9CM,,205.02,20502,Acute myeloid leukemia,,,
Localized Tumor,ICD-9-CM,ICD9CM,,205.1,20510,Chronic myeloid leukemia,,,
Localized Tumor,ICD-9-CM,ICD9CM,,205.11,20511,Chronic myeloid leukemia,,,
Localized Tumor,ICD-9-CM,ICD9CM,,205.12,20512,Chronic myeloid leukemia,,,
Localized Tumor,ICD-9-CM,ICD9CM,,205.2,20520,Subacute myeloid leukemia,,,
Localized Tumor,ICD-9-CM,ICD9CM,,205.21,20521,Subacute myeloid leukemia,,,
Localized Tumor,ICD-9-CM,ICD9CM,,205.22,20522,Subacute myeloid leukemia,,,
Localized Tumor,ICD-9-CM,ICD9CM,,205.3,20530,Myeloid sarcoma,,,
Localized Tumor,ICD-9-CM,ICD9CM,,205.31,20531,Myeloid sarcoma,,,
Localized Tumor,ICD-9-CM,ICD9CM,,205.32,20532,Myeloid sarcoma,,,
Localized Tumor,ICD-9-CM,ICD9CM,,205.8,20580,Other myeloid leukemia,,,
Localized Tumor,ICD-9-CM,ICD9CM,,205.81,20581,Other myeloid leukemia,,,
Localized Tumor,ICD-9-CM,ICD9CM,,205.82,20582,Other myeloid leukemia,,,
Localized Tumor,ICD-9-CM,ICD9CM,,205.9,20590,Unspecified myeloid leukemia,,,
Localized Tumor,ICD-9-CM,ICD9CM,,205.91,20591,Unspecified myeloid leukemia,,,
Localized Tumor,ICD-9-CM,ICD9CM,,205.92,20592,Unspecified myeloid leukemia,,,
Localized Tumor,ICD-9-CM,ICD9CM,,206,20600,Acute monocytic leukemia,,,
Localized Tumor,ICD-9-CM,ICD9CM,,206.01,20601,Acute monocytic leukemia,,,
Localized Tumor,ICD-9-CM,ICD9CM,,206.02,20602,Acute monocytic leukemia,,,
Localized Tumor,ICD-9-CM,ICD9CM,,206.1,20610,Chronic monocytic leukemia,,,
Localized Tumor,ICD-9-CM,ICD9CM,,206.11,20611,Chronic monocytic leukemia,,,
Localized Tumor,ICD-9-CM,ICD9CM,,206.12,20612,Chronic monocytic leukemia,,,
Localized Tumor,ICD-9-CM,ICD9CM,,206.2,20620,Subacute monocytic leukemia,,,
Localized Tumor,ICD-9-CM,ICD9CM,,206.21,20621,Subacute monocytic leukemia,,,
Localized Tumor,ICD-9-CM,ICD9CM,,206.22,20622,Subacute monocytic leukemia,,,
Localized Tumor,ICD-9-CM,ICD9CM,,206.8,20680,Other monocytic leukemia,,,
Localized Tumor,ICD-9-CM,ICD9CM,,206.81,20681,Other monocytic leukemia,,,
Localized Tumor,ICD-9-CM,ICD9CM,,206.82,20682,Other monocytic leukemia,,,
Localized Tumor,ICD-9-CM,ICD9CM,,206.9,20690,Unspecified monocytic leukemia,,,
Localized Tumor,ICD-9-CM,ICD9CM,,206.91,20691,Unspecified monocytic leukemia,,,
Localized Tumor,ICD-9-CM,ICD9CM,,206.92,20692,Unspecified monocytic leukemia,,,
Localized Tumor,ICD-9-CM,ICD9CM,,207,20700,Acute erythremia and erythroleukemia,,,
Localized Tumor,ICD-9-CM,ICD9CM,,207.01,20701,Acute erythremia and erythroleukemia,,,
Localized Tumor,ICD-9-CM,ICD9CM,,207.02,20702,Acute erythremia and erythroleukemia,,,
Localized Tumor,ICD-9-CM,ICD9CM,,207.1,20710,Chronic erythremia,,,
Localized Tumor,ICD-9-CM,ICD9CM,,207.11,20711,Chronic erythremia,,,
Localized Tumor,ICD-9-CM,ICD9CM,,207.12,20712,Chronic erythremia,,,
Localized Tumor,ICD-9-CM,ICD9CM,,207.2,20720,Megakaryocytic leukemia,,,
Localized Tumor,ICD-9-CM,ICD9CM,,207.21,20721,Megakaryocytic leukemia,,,
Localized Tumor,ICD-9-CM,ICD9CM,,207.22,20722,Megakaryocytic leukemia,,,
Localized Tumor,ICD-9-CM,ICD9CM,,207.8,20780,Other specified leukemia,,,
Localized Tumor,ICD-9-CM,ICD9CM,,207.81,20781,Other specified leukemia,,,
Localized Tumor,ICD-9-CM,ICD9CM,,207.82,20782,Other specified leukemia,,,
Localized Tumor,ICD-9-CM,ICD9CM,,208,20800,Acute leukemia of unspecified cell type,,,
Localized Tumor,ICD-9-CM,ICD9CM,,208.01,20801,Acute leukemia of unspecified cell type,,,
Localized Tumor,ICD-9-CM,ICD9CM,,208.02,20802,Acute leukemia of unspecified cell type,,,
Localized Tumor,ICD-9-CM,ICD9CM,,208.1,20810,Chronic leukemia of unspecified cell type,,,
Localized Tumor,ICD-9-CM,ICD9CM,,208.11,20811,Chronic leukemia of unspecified cell type,,,
Localized Tumor,ICD-9-CM,ICD9CM,,208.12,20812,Chronic leukemia of unspecified cell type,,,
Localized Tumor,ICD-9-CM,ICD9CM,,208.2,20820,Subacute leukemia of unspecified cell type,,,
Localized Tumor,ICD-9-CM,ICD9CM,,208.21,20821,Subacute leukemia of unspecified cell type,,,
Localized Tumor,ICD-9-CM,ICD9CM,,208.22,20822,Subacute leukemia of unspecified cell type,,,
Localized Tumor,ICD-9-CM,ICD9CM,,208.8,20880,Other leukemia of unspecified cell type,,,
Localized Tumor,ICD-9-CM,ICD9CM,,208.81,20881,Other leukemia of unspecified cell type,,,
Localized Tumor,ICD-9-CM,ICD9CM,,208.82,20882,Other leukemia of unspecified cell type,,,
Localized Tumor,ICD-9-CM,ICD9CM,,208.9,20890,Unspecified leukemia,,,
Localized Tumor,ICD-9-CM,ICD9CM,,208.91,20891,Unspecified leukemia,,,
Localized Tumor,ICD-9-CM,ICD9CM,,208.92,20892,Unspecified leukemia,,,
Metastatic Tumor,ICD-10-CM,ICD10CM,,C77.0,C770,Sec and unsp malig neoplasm of nodes of head,,,
Metastatic Tumor,ICD-10-CM,ICD10CM,,C77.1,C771,Secondary and unsp malignant neoplasm of intrathorac nodes,,,
Metastatic Tumor,ICD-10-CM,ICD10CM,,C77.2,C772,Secondary and unsp malignant neoplasm of intra-abd nodes,,,
Metastatic Tumor,ICD-10-CM,ICD10CM,,C77.3,C773,Sec and unsp malig neoplasm of axilla and upper limb nodes,,,
Metastatic Tumor,ICD-10-CM,ICD10CM,,C77.4,C774,Sec and unsp malig neoplasm of inguinal and lower limb nodes,,,
Metastatic Tumor,ICD-10-CM,ICD10CM,,C77.5,C775,Secondary and unsp malignant neoplasm of intrapelv nodes,,,
Metastatic Tumor,ICD-10-CM,ICD10CM,,C77.8,C778,Sec and unsp malig neoplasm of nodes of multiple regions,,,
Metastatic Tumor,ICD-10-CM,ICD10CM,,C77.9,C779,Secondary and unsp malignant neoplasm of lymph node,,,
Metastatic Tumor,ICD-10-CM,ICD10CM,,C78.00,C7800,Secondary malignant neoplasm of unspecified lung,,,
Metastatic Tumor,ICD-10-CM,ICD10CM,,C78.01,C7801,Secondary malignant neoplasm of right lung,,,
Metastatic Tumor,ICD-10-CM,ICD10CM,,C78.02,C7802,Secondary malignant neoplasm of left lung,,,
Metastatic Tumor,ICD-10-CM,ICD10CM,,C78.1,C781,Secondary malignant neoplasm of mediastinum,,,
Metastatic Tumor,ICD-10-CM,ICD10CM,,C78.2,C782,Secondary malignant neoplasm of pleura,,,
Metastatic Tumor,ICD-10-CM,ICD10CM,,C78.30,C7830,Secondary malignant neoplasm of unsp respiratory organ,,,
Metastatic Tumor,ICD-10-CM,ICD10CM,,C78.39,C7839,Secondary malignant neoplasm of other respiratory organs,,,
Metastatic Tumor,ICD-10-CM,ICD10CM,,C78.4,C784,Secondary malignant neoplasm of small intestine,,,
Metastatic Tumor,ICD-10-CM,ICD10CM,,C78.5,C785,Secondary malignant neoplasm of large intestine and rectum,,,
Metastatic Tumor,ICD-10-CM,ICD10CM,,C78.6,C786,Secondary malignant neoplasm of retroperiton and peritoneum,,,
Metastatic Tumor,ICD-10-CM,ICD10CM,,C78.7,C787,Secondary malig neoplasm of liver and intrahepatic bile duct,,,
Metastatic Tumor,ICD-10-CM,ICD10CM,,C78.80,C7880,Secondary malignant neoplasm of unspecified digestive organ,,,
Metastatic Tumor,ICD-10-CM,ICD10CM,,C78.89,C7889,Secondary malignant neoplasm of other digestive organs,,,
Metastatic Tumor,ICD-10-CM,ICD10CM,,C79.00,C7900,Secondary malignant neoplasm of unsp kidney and renal pelvis,,,
Metastatic Tumor,ICD-10-CM,ICD10CM,,C79.01,C7901,Secondary malignant neoplasm of r kidney and renal pelvis,,,
Metastatic Tumor,ICD-10-CM,ICD10CM,,C79.02,C7902,Secondary malignant neoplasm of left kidney and renal pelvis,,,
Metastatic Tumor,ICD-10-CM,ICD10CM,,C79.10,C7910,Secondary malignant neoplasm of unspecified urinary organs,,,
Metastatic Tumor,ICD-10-CM,ICD10CM,,C79.11,C7911,Secondary malignant neoplasm of bladder,,,
Metastatic Tumor,ICD-10-CM,ICD10CM,,C79.19,C7919,Secondary malignant neoplasm of other urinary organs,,,
Metastatic Tumor,ICD-10-CM,ICD10CM,,C79.2,C792,Secondary malignant neoplasm of skin,,,
Metastatic Tumor,ICD-10-CM,ICD10CM,,C79.31,C7931,Secondary malignant neoplasm of brain,,,
Metastatic Tumor,ICD-10-CM,ICD10CM,,C79.32,C7932,Secondary malignant neoplasm of cerebral meninges,,,
Metastatic Tumor,ICD-10-CM,ICD10CM,,C79.40,C7940,Secondary malignant neoplasm of unsp part of nervous system,,,
Metastatic Tumor,ICD-10-CM,ICD10CM,,C79.49,C7949,Secondary malignant neoplasm of oth parts of nervous system,,,
Metastatic Tumor,ICD-10-CM,ICD10CM,,C79.51,C7951,Secondary malignant neoplasm of bone,,,
Metastatic Tumor,ICD-10-CM,ICD10CM,,C79.52,C7952,Secondary malignant neoplasm of bone marrow,,,
Metastatic Tumor,ICD-10-CM,ICD10CM,,C79.60,C7960,Secondary malignant neoplasm of unspecified ovary,,,
Metastatic Tumor,ICD-10-CM,ICD10CM,,C79.61,C7961,Secondary malignant neoplasm of right ovary,,,
Metastatic Tumor,ICD-10-CM,ICD10CM,,C79.62,C7962,Secondary malignant neoplasm of left ovary,,,
Metastatic Tumor,ICD-10-CM,ICD10CM,,C79.63,C7963,Secondary malignant neoplasm of bilateral ovaries,,,
Metastatic Tumor,ICD-10-CM,ICD10CM,,C79.70,C7970,Secondary malignant neoplasm of unspecified adrenal gland,,,
Metastatic Tumor,ICD-10-CM,ICD10CM,,C79.71,C7971,Secondary malignant neoplasm of right adrenal gland,,,
Metastatic Tumor,ICD-10-CM,ICD10CM,,C79.72,C7972,Secondary malignant neoplasm of left adrenal gland,,,
Metastatic Tumor,ICD-10-CM,ICD10CM,,C79.81,C7981,Secondary malignant neoplasm of breast,,,
Metastatic Tumor,ICD-10-CM,ICD10CM,,C79.82,C7982,Secondary malignant neoplasm of genital organs,,,
Metastatic Tumor,ICD-10-CM,ICD10CM,,C79.89,C7989,Secondary malignant neoplasm of other specified sites,,,
Metastatic Tumor,ICD-10-CM,ICD10CM,,C79.9,C799,Secondary malignant neoplasm of unspecified site,,,
Metastatic Tumor,ICD-10-CM,ICD10CM,,C7A.00,C7A00,Malignant carcinoid tumor of unspecified site,,,
Metastatic Tumor,ICD-10-CM,ICD10CM,,C7A.010,C7A010,Malignant carcinoid tumor of the duodenum,,,
Metastatic Tumor,ICD-10-CM,ICD10CM,,C7A.011,C7A011,Malignant carcinoid tumor of the jejunum,,,
Metastatic Tumor,ICD-10-CM,ICD10CM,,C7A.012,C7A012,Malignant carcinoid tumor of the ileum,,,
Metastatic Tumor,ICD-10-CM,ICD10CM,,C7A.019,C7A019,Malignant carcinoid tumor of the sm int,,,
Metastatic Tumor,ICD-10-CM,ICD10CM,,C7A.020,C7A020,Malignant carcinoid tumor of the appendix,,,
Metastatic Tumor,ICD-10-CM,ICD10CM,,C7A.021,C7A021,Malignant carcinoid tumor of the cecum,,,
Metastatic Tumor,ICD-10-CM,ICD10CM,,C7A.022,C7A022,Malignant carcinoid tumor of the ascending colon,,,
Metastatic Tumor,ICD-10-CM,ICD10CM,,C7A.023,C7A023,Malignant carcinoid tumor of the transverse colon,,,
Metastatic Tumor,ICD-10-CM,ICD10CM,,C7A.024,C7A024,Malignant carcinoid tumor of the descending colon,,,
Metastatic Tumor,ICD-10-CM,ICD10CM,,C7A.025,C7A025,Malignant carcinoid tumor of the sigmoid colon,,,
Metastatic Tumor,ICD-10-CM,ICD10CM,,C7A.026,C7A026,Malignant carcinoid tumor of the rectum,,,
Metastatic Tumor,ICD-10-CM,ICD10CM,,C7A.029,C7A029,Malignant carcinoid tumor of the lg int,,,
Metastatic Tumor,ICD-10-CM,ICD10CM,,C7A.090,C7A090,Malignant carcinoid tumor of the bronchus and lung,,,
Metastatic Tumor,ICD-10-CM,ICD10CM,,C7A.091,C7A091,Malignant carcinoid tumor of the thymus,,,
Metastatic Tumor,ICD-10-CM,ICD10CM,,C7A.092,C7A092,Malignant carcinoid tumor of the stomach,,,
Metastatic Tumor,ICD-10-CM,ICD10CM,,C7A.093,C7A093,Malignant carcinoid tumor of the kidney,,,
Metastatic Tumor,ICD-10-CM,ICD10CM,,C7A.094,C7A094,Malignant carcinoid tumor of the foregut unsp,,,
Metastatic Tumor,ICD-10-CM,ICD10CM,,C7A.095,C7A095,Malignant carcinoid tumor of the midgut unsp,,,
Metastatic Tumor,ICD-10-CM,ICD10CM,,C7A.096,C7A096,Malignant carcinoid tumor of the hindgut unsp,,,
Metastatic Tumor,ICD-10-CM,ICD10CM,,C7A.098,C7A098,Malignant carcinoid tumors of other sites,,,
Metastatic Tumor,ICD-10-CM,ICD10CM,,C7A.1,C7A1,Malignant poorly differentiated neuroendocrine tumors,,,
Metastatic Tumor,ICD-10-CM,ICD10CM,,C7A.8,C7A8,Other malignant neuroendocrine tumors,,,
Metastatic Tumor,ICD-10-CM,ICD10CM,,C7B.00,C7B00,Secondary carcinoid tumors,,,
Metastatic Tumor,ICD-10-CM,ICD10CM,,C7B.01,C7B01,Secondary carcinoid tumors of distant lymph nodes,,,
Metastatic Tumor,ICD-10-CM,ICD10CM,,C7B.02,C7B02,Secondary carcinoid tumors of liver,,,
Metastatic Tumor,ICD-10-CM,ICD10CM,,C7B.03,C7B03,Secondary carcinoid tumors of bone,,,
Metastatic Tumor,ICD-10-CM,ICD10CM,,C7B.04,C7B04,Secondary carcinoid tumors of peritoneum,,,
Metastatic Tumor,ICD-10-CM,ICD10CM,,C7B.09,C7B09,Secondary carcinoid tumors of other sites,,,
Metastatic Tumor,ICD-10-CM,ICD10CM,,C7B.1,C7B1,Secondary Merkel cell carcinoma,,,
Metastatic Tumor,ICD-10-CM,ICD10CM,,C7B.8,C7B8,Other secondary neuroendocrine tumors,,,
Metastatic Tumor,ICD-10-CM,ICD10CM,,C80.0,C800,Disseminated malignant neoplasm,,,
Metastatic Tumor,ICD-10-CM,ICD10CM,,C80.1,C801,Malignant (primary) neoplasm,,,
Metastatic Tumor,ICD-10-CM,ICD10CM,,C80.2,C802,Malignant neoplasm associated with transplanted organ,,,
Metastatic Tumor,ICD-9-CM,ICD9CM,,196,1960,Secondary and unspecified malignant neoplasm of lymph nodes of head,,,
Metastatic Tumor,ICD-9-CM,ICD9CM,,196.1,1961,Secondary and unspecified malignant neoplasm of intrathoracic lymph nodes,,,
Metastatic Tumor,ICD-9-CM,ICD9CM,,196.2,1962,Secondary and unspecified malignant neoplasm of intra-abdominal lymph nodes,,,
Metastatic Tumor,ICD-9-CM,ICD9CM,,196.3,1963,Secondary and unspecified malignant neoplasm of lymph nodes of axilla and upper limb,,,
Metastatic Tumor,ICD-9-CM,ICD9CM,,196.5,1965,Secondary and unspecified malignant neoplasm of lymph nodes of inguinal region and lower limb,,,
Metastatic Tumor,ICD-9-CM,ICD9CM,,196.6,1966,Secondary and unspecified malignant neoplasm of intrapelvic lymph nodes,,,
Metastatic Tumor,ICD-9-CM,ICD9CM,,196.8,1968,Secondary and unspecified malignant neoplasm of lymph nodes of multiple sites,,,
Metastatic Tumor,ICD-9-CM,ICD9CM,,196.9,1969,Secondary and unspecified malignant neoplasm of lymph nodes,,,
Metastatic Tumor,ICD-9-CM,ICD9CM,,197,1970,Secondary malignant neoplasm of lung,,,
Metastatic Tumor,ICD-9-CM,ICD9CM,,197.1,1971,Secondary malignant neoplasm of mediastinum,,,
Metastatic Tumor,ICD-9-CM,ICD9CM,,197.2,1972,Secondary malignant neoplasm of pleura,,,
Metastatic Tumor,ICD-9-CM,ICD9CM,,197.3,1973,Secondary malignant neoplasm of other respiratory organs,,,
Metastatic Tumor,ICD-9-CM,ICD9CM,,197.4,1974,Secondary malignant neoplasm of small intestine including duodenum,,,
Metastatic Tumor,ICD-9-CM,ICD9CM,,197.5,1975,Secondary malignant neoplasm of large intestine and rectum,,,
Metastatic Tumor,ICD-9-CM,ICD9CM,,197.6,1976,Secondary malignant neoplasm of retroperitoneum and peritoneum,,,
Metastatic Tumor,ICD-9-CM,ICD9CM,,197.7,1977,Malignant neoplasm of liver,,,
Metastatic Tumor,ICD-9-CM,ICD9CM,,197.8,1978,Secondary malignant neoplasm of other digestive organs and spleen,,,
Metastatic Tumor,ICD-9-CM,ICD9CM,,198,1980,Secondary malignant neoplasm of kidney,,,
Metastatic Tumor,ICD-9-CM,ICD9CM,,198.1,1981,Secondary malignant neoplasm of other urinary organs,,,
Metastatic Tumor,ICD-9-CM,ICD9CM,,198.2,1982,Secondary malignant neoplasm of skin,,,
Metastatic Tumor,ICD-9-CM,ICD9CM,,198.3,1983,Secondary malignant neoplasm of brain and spinal cord,,,
Metastatic Tumor,ICD-9-CM,ICD9CM,,198.4,1984,Secondary malignant neoplasm of other parts of nervous system,,,
Metastatic Tumor,ICD-9-CM,ICD9CM,,198.5,1985,Secondary malignant neoplasm of bone and bone marrow,,,
Metastatic Tumor,ICD-9-CM,ICD9CM,,198.6,1986,Secondary malignant neoplasm of ovary,,,
Metastatic Tumor,ICD-9-CM,ICD9CM,,198.7,1987,Secondary malignant neoplasm of adrenal gland,,,
Metastatic Tumor,ICD-9-CM,ICD9CM,,198.81,19881,Secondary malignant neoplasm of breast,,,
Metastatic Tumor,ICD-9-CM,ICD9CM,,198.82,19882,Secondary malignant neoplasm of genital organs,,,
Metastatic Tumor,ICD-9-CM,ICD9CM,,198.89,19889,Secondary malignant neoplasm of other specified sites,,,
Metastatic Tumor,ICD-9-CM,ICD9CM,,199,1990,Disseminated malignant neoplasm without specification of site,,,
Metastatic Tumor,ICD-9-CM,ICD9CM,,199.1,1991,Other malignant neoplasm without specification of site,,,
Metastatic Tumor,ICD-9-CM,ICD9CM,,199.2,1992,Malignant neoplasm associated with transplant organ,,,
Chronic Pulmonary Disease,ICD-10-CM,ICD10CM,,I27.81,I2781,Cor pulmonale (chronic),,,
Chronic Pulmonary Disease,ICD-10-CM,ICD10CM,,I27.82,I2782,Chronic pulmonary embolism,,,
Chronic Pulmonary Disease,ICD-10-CM,ICD10CM,,I27.83,I2783,Eisenmenger's syndrome,,,
Chronic Pulmonary Disease,ICD-10-CM,ICD10CM,,I27.840,I27840,Fontan-associated liver disease [FALD],,,
Chronic Pulmonary Disease,ICD-10-CM,ICD10CM,,I27.841,I27841,Fontan-associated lymphatic dysfunction,,,
Chronic Pulmonary Disease,ICD-10-CM,ICD10CM,,I27.848,I27848,Other Fontan-associated condition,,,
Chronic Pulmonary Disease,ICD-10-CM,ICD10CM,,I27.849,I27849,Fontan related circulation,,,
Chronic Pulmonary Disease,ICD-10-CM,ICD10CM,,I27.89,I2789,Other specified pulmonary heart diseases,,,
Chronic Pulmonary Disease,ICD-10-CM,ICD10CM,,I27.9,I279,Pulmonary heart disease,,,
Chronic Pulmonary Disease,ICD-10-CM,ICD10CM,,J40,J40,Bronchitis,,,
Chronic Pulmonary Disease,ICD-10-CM,ICD10CM,,J41.0,J410,Simple chronic bronchitis,,,
Chronic Pulmonary Disease,ICD-10-CM,ICD10CM,,J41.1,J411,Mucopurulent chronic bronchitis,,,
Chronic Pulmonary Disease,ICD-10-CM,ICD10CM,,J41.8,J418,Mixed simple and mucopurulent chronic bronchitis,,,
Chronic Pulmonary Disease,ICD-10-CM,ICD10CM,,J42,J42,Unspecified chronic bronchitis,,,
Chronic Pulmonary Disease,ICD-10-CM,ICD10CM,,J43.0,J430,Unilateral pulmonary emphysema [MacLeod's syndrome],,,
Chronic Pulmonary Disease,ICD-10-CM,ICD10CM,,J43.1,J431,Panlobular emphysema,,,
Chronic Pulmonary Disease,ICD-10-CM,ICD10CM,,J43.2,J432,Centrilobular emphysema,,,
Chronic Pulmonary Disease,ICD-10-CM,ICD10CM,,J43.8,J438,Other emphysema,,,
Chronic Pulmonary Disease,ICD-10-CM,ICD10CM,,J43.9,J439,Emphysema,,,
Chronic Pulmonary Disease,ICD-10-CM,ICD10CM,,J44.0,J440,Chr obstructive pulmon disease with (acute) lower resp infct,,,
Chronic Pulmonary Disease,ICD-10-CM,ICD10CM,,J44.1,J441,Chronic obstructive pulmonary disease w (acute) exacerbation,,,
Chronic Pulmonary Disease,ICD-10-CM,ICD10CM,,J44.81,J4481,Bronchiolitis obliterans and bronchiolitis obliterans synd,,,
Chronic Pulmonary Disease,ICD-10-CM,ICD10CM,,J44.89,J4489,Other specified chronic obstructive pulmonary disease,,,
Chronic Pulmonary Disease,ICD-10-CM,ICD10CM,,J44.9,J449,Chronic obstructive pulmonary disease,,,
Chronic Pulmonary Disease,ICD-10-CM,ICD10CM,,J45.20,J4520,Mild intermittent asthma,,,
Chronic Pulmonary Disease,ICD-10-CM,ICD10CM,,J45.21,J4521,Mild intermittent asthma with (acute) exacerbation,,,
Chronic Pulmonary Disease,ICD-10-CM,ICD10CM,,J45.22,J4522,Mild intermittent asthma with status asthmaticus,,,
Chronic Pulmonary Disease,ICD-10-CM,ICD10CM,,J45.30,J4530,Mild persistent asthma,,,
Chronic Pulmonary Disease,ICD-10-CM,ICD10CM,,J45.31,J4531,Mild persistent asthma with (acute) exacerbation,,,
Chronic Pulmonary Disease,ICD-10-CM,ICD10CM,,J45.32,J4532,Mild persistent asthma with status asthmaticus,,,
Chronic Pulmonary Disease,ICD-10-CM,ICD10CM,,J45.40,J4540,Moderate persistent asthma,,,
Chronic Pulmonary Disease,ICD-10-CM,ICD10CM,,J45.41,J4541,Moderate persistent asthma with (acute) exacerbation,,,
Chronic Pulmonary Disease,ICD-10-CM,ICD10CM,,J45.42,J4542,Moderate persistent asthma with status asthmaticus,,,
Chronic Pulmonary Disease,ICD-10-CM,ICD10CM,,J45.50,J4550,Severe persistent asthma,,,
Chronic Pulmonary Disease,ICD-10-CM,ICD10CM,,J45.51,J4551,Severe persistent asthma with (acute) exacerbation,,,
Chronic Pulmonary Disease,ICD-10-CM,ICD10CM,,J45.52,J4552,Severe persistent asthma with status asthmaticus,,,
Chronic Pulmonary Disease,ICD-10-CM,ICD10CM,,J45.901,J45901,Unspecified asthma with (acute) exacerbation,,,
Chronic Pulmonary Disease,ICD-10-CM,ICD10CM,,J45.902,J45902,Unspecified asthma with status asthmaticus,,,
Chronic Pulmonary Disease,ICD-10-CM,ICD10CM,,J45.909,J45909,Unspecified asthma,,,
Chronic Pulmonary Disease,ICD-10-CM,ICD10CM,,J45.990,J45990,Exercise induced bronchospasm,,,
Chronic Pulmonary Disease,ICD-10-CM,ICD10CM,,J45.991,J45991,Cough variant asthma,,,
Chronic Pulmonary Disease,ICD-10-CM,ICD10CM,,J45.998,J45998,Other asthma,,,
Chronic Pulmonary Disease,ICD-10-CM,ICD10CM,,J47.0,J470,Bronchiectasis with acute lower respiratory infection,,,
Chronic Pulmonary Disease,ICD-10-CM,ICD10CM,,J47.1,J471,Bronchiectasis with (acute) exacerbation,,,
Chronic Pulmonary Disease,ICD-10-CM,ICD10CM,,J47.9,J479,Bronchiectasis,,,
Chronic Pulmonary Disease,ICD-10-CM,ICD10CM,,J4A.0,J4A0,Restrictive allograft syndrome,,,
Chronic Pulmonary Disease,ICD-10-CM,ICD10CM,,J4A.8,J4A8,Other chronic lung allograft dysfunction,,,
Chronic Pulmonary Disease,ICD-10-CM,ICD10CM,,J4A.9,J4A9,Chronic lung allograft dysfunction,,,
Chronic Pulmonary Disease,ICD-10-CM,ICD10CM,,J60,J60,Coalworker's pneumoconiosis,,,
Chronic Pulmonary Disease,ICD-10-CM,ICD10CM,,J61,J61,Pneumoconiosis due to asbestos and other mineral fibers,,,
Chronic Pulmonary Disease,ICD-10-CM,ICD10CM,,J62.0,J620,Pneumoconiosis due to talc dust,,,
Chronic Pulmonary Disease,ICD-10-CM,ICD10CM,,J62.8,J628,Pneumoconiosis due to other dust containing silica,,,
Chronic Pulmonary Disease,ICD-10-CM,ICD10CM,,J63.0,J630,Aluminosis (of lung),,,
Chronic Pulmonary Disease,ICD-10-CM,ICD10CM,,J63.1,J631,Bauxite fibrosis (of lung),,,
Chronic Pulmonary Disease,ICD-10-CM,ICD10CM,,J63.2,J632,Berylliosis,,,
Chronic Pulmonary Disease,ICD-10-CM,ICD10CM,,J63.3,J633,Graphite fibrosis (of lung),,,
Chronic Pulmonary Disease,ICD-10-CM,ICD10CM,,J63.4,J634,Siderosis,,,
Chronic Pulmonary Disease,ICD-10-CM,ICD10CM,,J63.5,J635,Stannosis,,,
Chronic Pulmonary Disease,ICD-10-CM,ICD10CM,,J63.6,J636,Pneumoconiosis due to other specified inorganic dusts,,,
Chronic Pulmonary Disease,ICD-10-CM,ICD10CM,,J64,J64,Unspecified pneumoconiosis,,,
Chronic Pulmonary Disease,ICD-10-CM,ICD10CM,,J65,J65,Pneumoconiosis associated with tuberculosis,,,
Chronic Pulmonary Disease,ICD-10-CM,ICD10CM,,J66.0,J660,Byssinosis,,,
Chronic Pulmonary Disease,ICD-10-CM,ICD10CM,,J66.1,J661,Flax-dressers' disease,,,
Chronic Pulmonary Disease,ICD-10-CM,ICD10CM,,J66.2,J662,Cannabinosis,,,
Chronic Pulmonary Disease,ICD-10-CM,ICD10CM,,J66.8,J668,Airway disease due to other specific organic dusts,,,
Chronic Pulmonary Disease,ICD-10-CM,ICD10CM,,J67.0,J670,Farmer's lung,,,
Chronic Pulmonary Disease,ICD-10-CM,ICD10CM,,J67.1,J671,Bagassosis,,,
Chronic Pulmonary Disease,ICD-10-CM,ICD10CM,,J67.2,J672,Bird fancier's lung,,,
Chronic Pulmonary Disease,ICD-10-CM,ICD10CM,,J67.3,J673,Suberosis,,,
Chronic Pulmonary Disease,ICD-10-CM,ICD10CM,,J67.4,J674,Maltworker's lung,,,
Chronic Pulmonary Disease,ICD-10-CM,ICD10CM,,J67.5,J675,Mushroom-worker's lung,,,
Chronic Pulmonary Disease,ICD-10-CM,ICD10CM,,J67.6,J676,Maple-bark-stripper's lung,,,
Chronic Pulmonary Disease,ICD-10-CM,ICD10CM,,J67.7,J677,Air conditioner and humidifier lung,,,
Chronic Pulmonary Disease,ICD-10-CM,ICD10CM,,J67.8,J678,Hypersensitivity pneumonitis due to other organic dusts,,,
Chronic Pulmonary Disease,ICD-10-CM,ICD10CM,,J67.9,J679,Hypersensitivity pneumonitis due to unspecified organic dust,,,
Chronic Pulmonary Disease,ICD-10-CM,ICD10CM,,J68.4,J684,Chronic resp cond due to chemicals,,,
Chronic Pulmonary Disease,ICD-10-CM,ICD10CM,,J70.1,J701,Chronic and other pulmonary manifestations due to radiation,,,
Chronic Pulmonary Disease,ICD-10-CM,ICD10CM,,J70.3,J703,Chronic drug-induced interstitial lung disorders,,,
Chronic Pulmonary Disease,ICD-9-CM,ICD9CM,,490,490,Bronchitis,,,
Chronic Pulmonary Disease,ICD-9-CM,ICD9CM,,491,4910,Simple chronic bronchitis,,,
Chronic Pulmonary Disease,ICD-9-CM,ICD9CM,,491.1,4911,Mucopurulent chronic bronchitis,,,
Chronic Pulmonary Disease,ICD-9-CM,ICD9CM,,491.2,49120,Obstructive chronic bronchitis without exacerbation,,,
Chronic Pulmonary Disease,ICD-9-CM,ICD9CM,,491.21,49121,Obstructive chronic bronchitis with (acute) exacerbation,,,
Chronic Pulmonary Disease,ICD-9-CM,ICD9CM,,491.22,49122,Obstructive chronic bronchitis with acute bronchitis,,,
Chronic Pulmonary Disease,ICD-9-CM,ICD9CM,,491.8,4918,Other chronic bronchitis,,,
Chronic Pulmonary Disease,ICD-9-CM,ICD9CM,,491.9,4919,Unspecified chronic bronchitis,,,
Chronic Pulmonary Disease,ICD-9-CM,ICD9CM,,492,4920,Emphysematous bleb,,,
Chronic Pulmonary Disease,ICD-9-CM,ICD9CM,,492.8,4928,Other emphysema,,,
Chronic Pulmonary Disease,ICD-9-CM,ICD9CM,,493,49300,Extrinsic asthma,,,
Chronic Pulmonary Disease,ICD-9-CM,ICD9CM,,493.01,49301,Extrinsic asthma with status asthmaticus,,,
Chronic Pulmonary Disease,ICD-9-CM,ICD9CM,,493.02,49302,Extrinsic asthma with (acute) exacerbation,,,
Chronic Pulmonary Disease,ICD-9-CM,ICD9CM,,493.1,49310,Intrinsic asthma,,,
Chronic Pulmonary Disease,ICD-9-CM,ICD9CM,,493.11,49311,Intrinsic asthma with status asthmaticus,,,
Chronic Pulmonary Disease,ICD-9-CM,ICD9CM,,493.12,49312,Intrinsic asthma with (acute) exacerbation,,,
Chronic Pulmonary Disease,ICD-9-CM,ICD9CM,,493.2,49320,Chronic obstructive asthma,,,
Chronic Pulmonary Disease,ICD-9-CM,ICD9CM,,493.21,49321,Chronic obstructive asthma with status asthmaticus,,,
Chronic Pulmonary Disease,ICD-9-CM,ICD9CM,,493.22,49322,Chronic obstructive asthma with (acute) exacerbation,,,
Chronic Pulmonary Disease,ICD-9-CM,ICD9CM,,493.81,49381,Exercise induced bronchospasm,,,
Chronic Pulmonary Disease,ICD-9-CM,ICD9CM,,493.82,49382,Cough variant asthma,,,
Chronic Pulmonary Disease,ICD-9-CM,ICD9CM,,493.9,49390,Asthma,,,
Chronic Pulmonary Disease,ICD-9-CM,ICD9CM,,493.91,49391,Asthma,,,
Chronic Pulmonary Disease,ICD-9-CM,ICD9CM,,493.92,49392,Asthma,,,
Chronic Pulmonary Disease,ICD-9-CM,ICD9CM,,494,4940,Bronchiectasis without acute exacerbation,,,
Chronic Pulmonary Disease,ICD-9-CM,ICD9CM,,494.1,4941,Bronchiectasis with acute exacerbation,,,
Chronic Pulmonary Disease,ICD-9-CM,ICD9CM,,495,4950,Farmers' lung,,,
Chronic Pulmonary Disease,ICD-9-CM,ICD9CM,,495.1,4951,Bagassosis,,,
Chronic Pulmonary Disease,ICD-9-CM,ICD9CM,,495.2,4952,Bird-fanciers' lung,,,
Chronic Pulmonary Disease,ICD-9-CM,ICD9CM,,495.3,4953,Suberosis,,,
Chronic Pulmonary Disease,ICD-9-CM,ICD9CM,,495.4,4954,Malt workers' lung,,,
Chronic Pulmonary Disease,ICD-9-CM,ICD9CM,,495.5,4955,Mushroom workers' lung,,,
Chronic Pulmonary Disease,ICD-9-CM,ICD9CM,,495.6,4956,Maple bark-strippers' lung,,,
Chronic Pulmonary Disease,ICD-9-CM,ICD9CM,,495.7,4957,Ventilation pneumonitis,,,
Chronic Pulmonary Disease,ICD-9-CM,ICD9CM,,495.8,4958,Other specified allergic alveolitis and pneumonitis,,,
Chronic Pulmonary Disease,ICD-9-CM,ICD9CM,,495.9,4959,Unspecified allergic alveolitis and pneumonitis,,,
Chronic Pulmonary Disease,ICD-9-CM,ICD9CM,,496,496,Chronic airway obstruction,,,
Chronic Pulmonary Disease,ICD-9-CM,ICD9CM,,500,500,Coal workers' pneumoconiosis,,,
Chronic Pulmonary Disease,ICD-9-CM,ICD9CM,,501,501,Asbestosis,,,
Chronic Pulmonary Disease,ICD-9-CM,ICD9CM,,502,502,Pneumoconiosis due to other silica or silicates,,,
Chronic Pulmonary Disease,ICD-9-CM,ICD9CM,,503,503,Pneumoconiosis due to other inorganic dust,,,
Chronic Pulmonary Disease,ICD-9-CM,ICD9CM,,504,504,Pneumonopathy due to inhalation of other dust,,,
Chronic Pulmonary Disease,ICD-9-CM,ICD9CM,,505,505,Pneumoconiosis,,,
Chronic Pulmonary Disease,ICD-9-CM,ICD9CM,,506.4,5064,Chronic respiratory conditions due to fumes and vapors,,,